date,temperature,pressure,humidity,wind_dir,wind_speed,coluds_hight,rain,snow,fog,hail,drizzle,precipitation,ice_pellets,other
20.03.2021 18:00,7.8,770.0,85,9,10.0,8,0,0,0,0,0,0,0,0
20.03.2021 19:00,7.7,770.5,82,4,5.0,9,0,0,0,0,0,0,0,0
20.03.2021 20:00,7.4,771.1,78,9,8.0,6,0,0,0,0,0,0,0,0
20.03.2021 21:00,6.8,771.7,76,9,8.0,9,0,0,0,0,0,0,0,0
20.03.2021 22:00,6.7,772.0,71,4,6.0,9,0,0,0,0,0,0,0,0
20.03.2021 23:00,6.4,772.1,75,4,7.0,9,0,0,0,0,0,0,0,0
21.03.2021 00:00,6.2,772.0,74,4,6.0,9,0,0,0,0,0,0,0,0
21.03.2021 01:00,6.0,772.2,76,4,5.0,9,0,0,0,0,0,0,0,0
21.03.2021 02:00,5.6,772.0,75,4,6.0,9,0,0,0,0,0,0,0,0
21.03.2021 03:00,5.4,771.8,71,4,6.0,9,0,0,0,0,0,0,0,0
21.03.2021 04:00,5.5,771.7,72,4,5.0,9,0,0,0,0,0,0,0,0
21.03.2021 05:00,5.4,771.8,69,4,4.0,9,0,0,0,0,0,0,0,0
21.03.2021 06:00,5.7,771.9,72,7,5.0,6,0,0,0,0,0,0,0,0
21.03.2021 07:00,5.6,772.0,73,7,4.0,6,0,0,0,0,0,0,0,0
21.03.2021 08:00,6.1,771.8,71,2,4.0,6,0,0,0,0,0,0,0,0
21.03.2021 09:00,6.0,772.2,72,7,6.0,6,0,0,0,0,0,0,0,0
21.03.2021 10:00,6.3,772.1,70,4,5.0,6,0,0,0,0,0,0,0,0
21.03.2021 11:00,6.6,772.0,67,4,6.0,6,0,0,0,0,0,0,0,0
21.03.2021 12:00,7.6,771.5,63,7,5.0,6,0,0,0,0,0,0,0,0
21.03.2021 13:00,8.7,770.9,58,4,5.0,6,0,0,0,0,0,0,0,0
21.03.2021 14:00,8.6,770.6,59,4,5.0,9,0,0,0,0,0,0,0,0
21.03.2021 15:00,9.4,770.1,58,9,4.0,9,0,0,0,0,0,0,0,0
21.03.2021 16:00,9.1,769.7,59,0,0.0,9,0,0,0,0,0,0,0,0
21.03.2021 17:00,9.4,769.3,57,9,2.0,9,0,0,0,0,0,0,0,0
21.03.2021 18:00,6.6,769.3,71,6,4.0,10,0,0,0,0,0,0,0,0
21.03.2021 19:00,5.1,769.3,78,1,3.0,10,0,0,0,0,0,0,0,0
21.03.2021 20:00,4.4,769.4,83,5,1.0,10,0,0,0,0,0,0,0,0
21.03.2021 21:00,3.4,769.3,84,14,1.0,9,0,0,0,0,0,0,0,0
21.03.2021 22:00,1.2,768.9,81,12,1.0,9,0,0,0,0,0,0,0,0
21.03.2021 23:00,1.3,768.6,90,5,1.0,10,0,0,0,0,0,0,0,0
22.03.2021 00:00,0.7,768.3,92,5,1.0,10,0,0,0,0,0,0,0,0
22.03.2021 01:00,-0.1,768.1,94,5,1.0,10,0,0,0,0,0,0,0,0
22.03.2021 02:00,-1.0,767.6,94,4,1.0,10,0,0,0,0,0,0,0,0
22.03.2021 03:00,-0.3,767.1,96,9,1.0,10,0,0,0,0,0,0,0,0
22.03.2021 04:00,-1.5,766.8,95,5,1.0,10,0,0,0,0,0,0,0,0
22.03.2021 05:00,-1.5,766.4,96,5,1.0,10,0,0,0,0,0,0,0,0
22.03.2021 06:00,-2.1,765.9,96,9,2.0,10,0,0,0,0,0,0,0,0
22.03.2021 07:00,-1.6,765.7,96,9,2.0,10,0,0,0,0,0,0,0,0
22.03.2021 08:00,2.0,765.7,96,5,1.0,10,0,0,0,0,0,0,0,0
22.03.2021 09:00,3.4,765.7,87,14,2.0,10,0,0,0,0,0,0,0,0
22.03.2021 10:00,7.4,765.3,69,1,2.0,10,0,0,0,0,0,0,0,0
22.03.2021 11:00,10.3,765.0,56,3,3.0,10,0,0,0,0,0,0,0,0
22.03.2021 12:00,11.5,764.8,52,1,2.0,10,0,0,0,0,0,0,0,0
22.03.2021 13:00,11.9,764.8,53,3,3.0,10,0,0,0,0,0,0,0,0
22.03.2021 14:00,12.0,764.5,54,6,3.0,10,0,0,0,0,0,0,0,0
22.03.2021 15:00,13.5,764.1,49,7,3.0,9,0,0,0,0,0,0,0,0
22.03.2021 16:00,13.4,764.0,52,2,4.0,10,0,0,0,0,0,0,0,0
22.03.2021 17:00,12.4,764.0,54,2,2.0,9,0,0,0,0,0,0,0,0
22.03.2021 18:00,12.3,764.2,57,2,3.0,9,0,0,0,0,0,0,0,0
22.03.2021 19:00,10.2,764.5,63,2,1.0,9,0,0,0,0,0,0,0,0
22.03.2021 20:00,8.2,764.7,74,3,1.0,10,0,0,0,0,0,0,0,0
22.03.2021 21:00,8.4,764.6,71,3,1.0,10,0,0,0,0,0,0,0,0
22.03.2021 22:00,8.1,764.3,70,10,3.0,10,0,0,0,0,0,0,0,0
22.03.2021 23:00,7.6,763.9,72,10,4.0,10,0,0,0,0,0,0,0,0
23.03.2021 00:00,5.8,763.9,74,5,2.0,10,0,0,0,0,0,0,0,0
23.03.2021 01:00,4.1,763.8,85,14,1.0,10,0,0,0,0,0,0,0,0
23.03.2021 02:00,2.5,763.4,88,16,1.0,10,0,0,0,0,0,0,0,0
23.03.2021 03:00,1.6,763.0,90,14,1.0,10,0,0,0,0,0,0,0,0
23.03.2021 04:00,4.0,762.4,77,13,1.0,10,0,0,0,0,0,0,0,0
23.03.2021 05:00,5.4,762.0,86,1,2.0,10,0,0,0,0,0,0,0,0
23.03.2021 06:00,6.1,761.5,88,1,5.0,10,0,0,0,0,0,0,0,0
23.03.2021 07:00,7.2,761.2,84,1,4.0,6,0,0,0,0,0,0,0,0
23.03.2021 08:00,7.6,760.8,79,1,4.0,6,0,0,0,0,0,0,0,0
23.03.2021 09:00,9.0,760.3,70,3,7.0,9,0,0,0,0,0,0,0,0
23.03.2021 10:00,9.6,759.4,59,3,10.0,10,0,0,0,0,0,0,0,0
23.03.2021 11:00,9.8,759.3,62,8,9.0,6,0,0,0,0,0,0,0,0
23.03.2021 12:00,9.8,758.8,61,3,9.0,9,0,0,0,0,0,0,0,0
23.03.2021 13:00,9.0,758.2,64,3,7.0,6,0,0,0,0,0,0,0,0
23.03.2021 14:00,9.2,757.4,62,3,9.0,9,0,0,0,0,0,0,0,0
23.03.2021 15:00,9.4,757.0,59,8,8.0,9,0,0,0,0,0,0,0,0
23.03.2021 16:00,10.0,756.1,58,10,5.0,9,0,0,0,0,0,0,0,0
23.03.2021 17:00,9.8,755.3,59,3,11.0,10,0,0,0,0,0,0,0,0
23.03.2021 18:00,9.5,755.1,63,8,9.0,10,0,0,0,0,0,0,0,0
23.03.2021 19:00,9.0,755.3,66,3,12.0,10,0,0,0,0,0,0,0,0
23.03.2021 20:00,9.1,755.9,69,3,6.0,6,0,0,0,0,0,0,0,0
23.03.2021 21:00,8.6,756.1,78,10,7.0,6,0,0,0,0,0,0,0,0
23.03.2021 22:00,8.2,756.3,75,10,4.0,7,0,0,0,0,0,0,0,0
23.03.2021 23:00,6.9,756.8,68,8,5.0,10,0,0,0,0,0,0,0,0
24.03.2021 00:00,4.5,756.9,74,3,3.0,10,0,0,0,0,0,0,0,0
24.03.2021 01:00,5.7,757.4,70,3,4.0,10,0,0,0,0,0,0,0,0
24.03.2021 02:00,4.1,757.3,71,1,4.0,10,0,0,0,0,0,0,0,0
24.03.2021 03:00,3.4,757.5,77,1,3.0,10,0,0,0,0,0,0,0,0
24.03.2021 04:00,3.4,757.4,81,1,3.0,10,0,0,0,0,0,0,0,0
24.03.2021 05:00,3.0,757.4,83,6,4.0,9,0,0,0,0,0,0,0,0
24.03.2021 06:00,3.0,757.5,83,1,4.0,7,0,0,0,0,0,0,0,0
24.03.2021 07:00,4.8,757.6,78,1,6.0,7,0,0,0,0,0,0,0,0
24.03.2021 08:00,5.3,757.8,77,1,5.0,10,0,0,0,0,0,0,0,0
24.03.2021 09:00,6.8,757.9,71,1,5.0,10,0,0,0,0,0,0,0,0
24.03.2021 10:00,7.5,757.8,67,1,7.0,6,0,0,0,0,0,0,0,0
24.03.2021 11:00,8.4,757.6,62,3,6.0,9,0,0,0,0,0,0,0,0
24.03.2021 12:00,9.8,757.3,49,8,7.0,9,0,0,0,0,0,0,0,0
24.03.2021 13:00,10.2,756.8,47,3,9.0,9,0,0,0,0,0,0,0,0
24.03.2021 14:00,11.4,756.6,47,8,8.0,9,0,0,0,0,0,0,0,0
24.03.2021 15:00,9.4,756.4,49,8,10.0,9,0,0,0,0,0,0,0,0
24.03.2021 16:00,10.7,755.9,46,8,9.0,7,0,0,0,0,0,0,0,0
24.03.2021 17:00,9.9,755.5,50,3,8.0,10,0,0,0,0,0,0,0,0
24.03.2021 18:00,8.7,756.0,62,3,9.0,9,0,0,0,0,0,0,0,0
24.03.2021 19:00,6.9,756.1,78,3,7.0,7,0,0,0,0,0,0,0,0
24.03.2021 20:00,6.4,756.3,76,3,5.0,7,0,0,0,0,0,0,0,0
24.03.2021 21:00,5.4,756.6,79,3,3.0,10,0,0,0,0,0,0,0,0
24.03.2021 22:00,4.8,756.7,77,1,3.0,10,0,0,0,0,0,0,0,0
24.03.2021 23:00,4.9,756.7,75,3,3.0,10,0,0,0,0,0,0,0,0
25.03.2021 00:00,4.5,756.9,74,3,3.0,10,0,0,0,0,0,0,0,0
25.03.2021 01:00,4.6,756.9,73,0,0.0,10,0,0,0,0,0,0,0,0
25.03.2021 02:00,4.2,756.8,79,0,0.0,9,0,0,0,0,0,0,0,0
25.03.2021 03:00,4.0,756.8,82,0,0.0,10,0,0,0,0,0,0,0,0
25.03.2021 04:00,4.3,756.4,81,0,0.0,10,0,0,0,0,0,0,0,0
25.03.2021 05:00,4.3,756.5,82,0,0.0,10,0,0,0,0,0,0,0,0
25.03.2021 06:00,4.0,756.4,86,0,0.0,10,0,0,0,0,0,0,0,0
25.03.2021 07:00,4.8,756.3,86,0,0.0,10,0,0,0,0,0,0,0,0
25.03.2021 08:00,4.8,756.1,85,0,0.0,10,0,0,0,0,0,0,0,0
25.03.2021 09:00,7.0,755.9,74,0,0.0,10,0,0,0,0,0,0,0,0
25.03.2021 10:00,7.6,755.8,71,0,0.0,10,0,0,0,0,0,0,0,0
25.03.2021 11:00,9.0,755.4,69,0,0.0,10,0,0,0,0,0,0,0,0
25.03.2021 12:00,9.4,754.8,64,0,0.0,10,0,0,0,0,0,0,0,0
25.03.2021 13:00,11.2,754.4,60,0,0.0,9,0,0,0,0,0,0,0,0
25.03.2021 14:00,10.7,753.7,58,0,0.0,9,0,0,0,0,0,0,0,0
25.03.2021 15:00,10.3,753.5,62,0,0.0,9,0,0,0,0,0,0,0,0
25.03.2021 16:00,10.7,753.0,62,0,0.0,9,0,0,0,0,0,0,0,0
25.03.2021 17:00,10.0,752.4,66,0,0.0,9,0,0,0,0,0,0,0,0
25.03.2021 18:00,9.3,752.1,71,0,0.0,10,0,0,0,0,0,0,0,0
25.03.2021 19:00,8.3,751.6,77,0,0.0,6,0,0,0,0,0,0,0,0
25.03.2021 20:00,8.0,751.3,79,0,0.0,10,0,0,0,0,0,0,0,0
25.03.2021 21:00,7.8,750.5,83,0,0.0,10,0,0,0,0,0,0,0,0
25.03.2021 22:00,8.0,750.4,80,0,0.0,10,0,0,0,0,0,0,0,0
25.03.2021 23:00,7.5,750.0,83,0,0.0,8,0,0,0,0,0,0,0,0
26.03.2021 00:00,3.3,748.8,78,3,3.0,10,0,0,0,0,0,0,0,0
26.03.2021 01:00,7.1,749.0,85,1,7.0,9,0,0,0,0,0,0,0,0
26.03.2021 02:00,7.3,748.5,85,1,7.0,8,0,0,0,0,0,0,0,0
26.03.2021 03:00,7.4,747.7,83,1,7.0,9,0,0,0,0,0,0,0,0
26.03.2021 04:00,6.7,746.9,88,1,7.0,8,0,0,0,0,0,0,0,0
26.03.2021 05:00,6.8,745.9,87,1,8.0,8,0,0,0,0,0,0,0,0
26.03.2021 06:00,6.9,745.1,84,1,8.0,9,0,0,0,0,0,0,0,0
26.03.2021 07:00,7.0,744.3,81,1,10.0,10,0,0,0,0,0,0,0,0
26.03.2021 08:00,7.1,744.0,85,1,11.0,8,0,0,0,0,0,0,0,0
26.03.2021 09:00,7.5,743.6,85,1,10.0,8,0,0,0,0,1,0,0,0
26.03.2021 10:00,7.0,743.5,87,1,10.0,8,0,0,0,0,0,0,0,0
26.03.2021 11:00,5.9,744.3,82,10,5.0,7,0,0,0,0,0,0,0,0
26.03.2021 12:00,5.5,744.9,82,8,8.0,6,0,0,0,0,0,0,0,0
26.03.2021 13:00,8.1,745.3,60,2,6.0,9,0,0,0,0,0,0,0,0
26.03.2021 14:00,8.5,745.6,48,10,7.0,9,0,0,0,0,0,0,0,0
26.03.2021 15:00,6.3,746.5,58,8,7.0,7,0,0,0,0,0,0,0,0
26.03.2021 16:00,6.8,746.6,56,8,9.0,9,0,0,0,0,0,0,0,0
26.03.2021 17:00,6.2,746.7,58,8,8.0,10,0,0,0,0,0,0,0,0
26.03.2021 18:00,5.6,747.1,60,8,6.0,10,0,0,0,0,0,0,0,0
26.03.2021 19:00,4.5,747.8,62,8,4.0,10,0,0,0,0,0,0,0,0
26.03.2021 20:00,3.7,748.3,65,3,5.0,10,0,0,0,0,0,0,0,0
26.03.2021 21:00,3.4,748.5,68,3,5.0,10,0,0,0,0,0,0,0,0
26.03.2021 22:00,3.5,748.8,72,3,6.0,10,0,0,0,0,0,0,0,0
26.03.2021 23:00,2.9,748.6,77,1,4.0,10,0,0,0,0,0,0,0,0
27.03.2021 00:00,6.7,751.3,87,1,14.0,8,0,0,0,0,0,0,0,0
27.03.2021 01:00,2.6,748.9,79,6,2.0,10,0,0,0,0,0,0,0,0
27.03.2021 02:00,1.3,749.8,84,11,1.0,10,0,0,0,0,0,0,0,0
27.03.2021 03:00,1.9,750.2,83,2,3.0,10,0,0,0,0,0,0,0,0
27.03.2021 04:00,2.4,750.9,77,7,3.0,10,0,0,0,0,0,0,0,0
27.03.2021 05:00,2.6,751.6,70,2,7.0,10,0,0,0,0,0,0,0,0
27.03.2021 06:00,2.4,752.7,71,10,1.0,10,0,0,0,0,0,0,0,0
27.03.2021 07:00,3.2,753.7,69,2,4.0,10,0,0,0,0,0,0,0,0
27.03.2021 08:00,4.3,754.5,64,10,4.0,10,0,0,0,0,0,0,0,0
27.03.2021 09:00,6.2,755.4,58,2,5.0,10,0,0,0,0,0,0,0,0
27.03.2021 10:00,7.6,756.3,52,2,6.0,9,0,0,0,0,0,0,0,0
27.03.2021 11:00,8.2,757.0,52,7,6.0,9,0,0,0,0,0,0,0,0
27.03.2021 12:00,8.9,757.4,48,4,5.0,9,0,0,0,0,0,0,0,0
27.03.2021 13:00,8.5,757.6,46,7,2.0,9,0,0,0,0,0,0,0,0
27.03.2021 14:00,8.8,757.6,40,8,5.0,7,0,0,0,0,0,0,0,0
27.03.2021 15:00,9.0,757.6,40,10,5.0,7,0,0,0,0,0,0,0,0
27.03.2021 16:00,7.6,757.7,48,3,7.0,7,0,0,0,0,0,0,0,0
27.03.2021 17:00,6.8,757.4,60,1,8.0,7,0,0,0,0,0,0,0,0
27.03.2021 18:00,6.3,756.9,64,1,6.0,3,0,0,0,0,0,0,0,0
27.03.2021 19:00,6.2,756.4,63,1,5.0,9,0,0,0,0,0,0,0,0
27.03.2021 20:00,6.2,755.5,70,1,9.0,9,0,0,0,0,0,0,0,0
27.03.2021 21:00,6.6,754.1,77,1,11.0,6,0,0,0,0,0,0,0,0
27.03.2021 22:00,6.4,753.4,85,1,10.0,8,0,0,0,0,0,0,0,0
27.03.2021 23:00,6.4,752.5,85,1,11.0,8,0,0,0,0,0,0,0,0
28.03.2021 00:00,12.1,749.7,79,3,8.0,9,0,0,0,0,0,0,0,0
28.03.2021 01:00,6.7,751.0,89,1,12.0,8,0,0,0,0,0,0,0,0
28.03.2021 02:00,6.8,749.9,91,1,6.0,5,0,0,0,0,0,0,0,0
28.03.2021 04:00,7.1,748.5,91,1,10.0,8,1,0,0,0,0,0,0,1
28.03.2021 05:00,9.1,748.6,81,3,7.0,8,0,0,0,0,0,0,0,0
28.03.2021 06:00,8.4,748.6,86,3,7.0,6,0,0,0,0,0,0,0,0
28.03.2021 07:00,8.1,749.3,75,8,5.0,10,0,0,0,0,0,0,0,0
28.03.2021 08:00,8.3,750.4,62,10,7.0,7,0,0,0,0,0,0,0,0
28.03.2021 09:00,8.0,751.5,55,0,0.0,10,0,0,0,0,0,0,0,0
28.03.2021 10:00,7.9,752.3,56,2,6.0,10,0,0,0,0,0,0,0,0
28.03.2021 11:00,9.0,752.9,51,10,7.0,10,0,0,0,0,0,0,0,0
28.03.2021 12:00,9.7,753.1,46,10,9.0,7,0,0,0,0,0,0,0,0
28.03.2021 13:00,10.0,753.3,49,10,7.0,9,0,0,0,0,0,0,0,0
28.03.2021 14:00,10.4,753.1,47,8,9.0,9,0,0,0,0,0,0,0,0
28.03.2021 15:00,10.9,752.7,58,1,8.0,9,0,0,0,0,0,0,0,0
28.03.2021 16:00,9.9,752.5,64,3,9.0,6,0,0,0,0,0,0,0,0
28.03.2021 17:00,9.6,751.9,71,3,9.0,6,0,0,0,0,0,0,0,0
28.03.2021 18:00,9.0,751.4,85,1,6.0,6,0,0,0,0,1,0,0,0
28.03.2021 19:00,7.7,750.1,92,1,7.0,5,0,0,0,0,0,0,0,0
28.03.2021 20:00,8.9,749.0,93,1,9.0,5,0,0,0,0,0,0,0,0
28.03.2021 21:00,9.2,748.4,94,1,6.0,8,0,0,0,0,0,0,0,0
28.03.2021 22:00,12.4,748.3,78,8,9.0,9,0,0,0,0,0,0,0,0
28.03.2021 23:00,12.4,748.9,76,3,8.0,10,0,0,0,0,0,0,0,0
29.03.2021 00:00,11.9,749.5,79,3,8.0,10,0,0,0,0,0,0,0,0
29.03.2021 01:00,12.6,761.2,77,8,10.0,10,0,0,0,0,0,0,0,0
29.03.2021 02:00,12.5,749.8,78,1,7.0,9,0,0,0,0,0,0,0,0
29.03.2021 03:00,12.8,749.8,77,3,7.0,9,0,0,0,0,0,0,0,0
29.03.2021 04:00,13.1,749.8,74,3,8.0,9,0,0,0,0,0,0,0,0
29.03.2021 05:00,13.0,750.1,73,3,7.0,9,0,0,0,0,0,0,0,0
29.03.2021 06:00,13.0,750.5,74,0,0.0,10,0,0,0,0,0,0,0,0
29.03.2021 07:00,13.1,751.3,75,3,7.0,9,0,0,0,0,0,0,0,0
29.03.2021 08:00,13.8,752.2,69,8,7.0,9,0,0,0,0,0,0,0,0
29.03.2021 09:00,14.1,753.2,67,10,5.0,10,0,0,0,0,0,0,0,0
29.03.2021 10:00,15.4,754.2,63,8,7.0,10,0,0,0,0,0,0,0,0
29.03.2021 11:00,15.9,754.9,61,8,7.0,7,0,0,0,0,0,0,0,0
29.03.2021 12:00,16.3,755.7,62,3,6.0,9,0,0,0,0,0,0,0,0
29.03.2021 13:00,16.8,756.4,59,3,8.0,9,0,0,0,0,0,0,0,0
29.03.2021 14:00,17.0,757.1,59,8,9.0,9,0,0,0,0,0,0,0,0
29.03.2021 15:00,16.6,757.2,65,3,8.0,9,0,0,0,0,0,0,0,0
29.03.2021 16:00,16.3,757.6,66,3,8.0,9,0,0,0,0,0,0,0,0
29.03.2021 17:00,16.1,757.6,70,3,8.0,9,0,0,0,0,0,0,0,0
29.03.2021 18:00,16.1,757.9,71,3,8.0,7,0,0,0,0,0,0,0,0
29.03.2021 19:00,14.8,758.6,76,3,10.0,9,0,0,0,0,0,0,0,0
29.03.2021 20:00,14.1,759.4,79,3,7.0,9,0,0,0,0,0,0,0,0
29.03.2021 21:00,13.7,759.8,81,3,8.0,9,0,0,0,0,0,0,0,0
29.03.2021 22:00,13.5,759.6,79,3,11.0,10,0,0,0,0,0,0,0,0
29.03.2021 23:00,13.0,760.3,80,3,12.0,10,0,0,0,0,0,0,0,0
30.03.2021 00:00,12.8,760.7,78,3,10.0,10,0,0,0,0,0,0,0,0
30.03.2021 01:00,11.3,763.9,73,3,4.0,10,0,0,0,0,0,0,0,0
30.03.2021 02:00,12.8,761.7,74,3,9.0,10,0,0,0,0,0,0,0,0
30.03.2021 03:00,12.5,762.1,73,3,4.0,10,0,0,0,0,0,0,0,0
30.03.2021 04:00,10.7,762.4,78,6,3.0,10,0,0,0,0,0,0,0,0
30.03.2021 05:00,10.3,762.7,80,6,5.0,10,0,0,0,0,0,0,0,0
30.03.2021 06:00,10.9,762.6,78,8,8.0,10,0,0,0,0,0,0,0,0
30.03.2021 07:00,12.1,762.9,75,3,8.0,10,0,0,0,0,0,0,0,0
30.03.2021 08:00,11.4,763.6,77,7,2.0,10,0,0,0,0,0,0,0,0
30.03.2021 09:00,12.6,763.8,71,8,5.0,10,0,0,0,0,0,0,0,0
30.03.2021 10:00,14.4,763.7,64,8,9.0,10,0,0,0,0,0,0,0,0
30.03.2021 11:00,14.5,764.0,59,8,9.0,10,0,0,0,0,0,0,0,0
30.03.2021 12:00,13.9,764.4,58,10,6.0,10,0,0,0,0,0,0,0,0
30.03.2021 13:00,13.9,764.2,59,3,6.0,10,0,0,0,0,0,0,0,0
30.03.2021 14:00,13.6,764.2,65,1,4.0,10,0,0,0,0,0,0,0,0
30.03.2021 15:00,13.7,763.9,65,1,6.0,10,0,0,0,0,0,0,0,0
30.03.2021 16:00,14.3,763.8,64,8,5.0,10,0,0,0,0,0,0,0,0
30.03.2021 17:00,13.8,763.7,69,8,7.0,10,0,0,0,0,0,0,0,0
30.03.2021 18:00,13.6,763.5,70,8,6.0,10,0,0,0,0,0,0,0,0
30.03.2021 19:00,13.2,763.9,70,0,0.0,10,0,0,0,0,0,0,0,0
30.03.2021 20:00,13.2,764.1,68,3,3.0,10,0,0,0,0,0,0,0,0
30.03.2021 21:00,12.2,764.2,73,1,3.0,10,0,0,0,0,0,0,0,0
30.03.2021 22:00,11.3,764.3,77,1,2.0,10,0,0,0,0,0,0,0,0
30.03.2021 23:00,11.3,764.1,77,3,3.0,10,0,0,0,0,0,0,0,0
31.03.2021 00:00,10.8,763.9,78,3,5.0,10,0,0,0,0,0,0,0,0
31.03.2021 01:00,11.3,763.9,73,3,4.0,10,0,0,0,0,0,0,0,0
31.03.2021 02:00,10.8,763.8,76,3,3.0,10,0,0,0,0,0,0,0,0
31.03.2021 03:00,10.7,763.6,77,6,1.0,10,0,0,0,0,0,0,0,0
31.03.2021 04:00,9.6,763.6,81,5,2.0,10,0,0,0,0,0,0,0,0
31.03.2021 05:00,8.5,763.9,94,9,4.0,4,0,0,0,0,0,0,0,0
31.03.2021 06:00,7.7,764.0,96,9,4.0,2,1,0,0,0,0,0,0,1
31.03.2021 07:00,7.3,764.4,97,5,3.0,2,1,0,0,0,0,0,0,1
31.03.2021 08:00,6.8,764.9,98,5,3.0,2,0,0,0,0,1,0,0,0
31.03.2021 09:00,7.2,765.4,98,5,4.0,2,0,1,0,0,1,0,0,0
31.03.2021 10:00,6.2,766.3,96,14,7.0,4,0,0,0,0,1,0,0,0
31.03.2021 11:00,5.7,766.9,96,14,6.0,4,0,0,0,0,0,0,0,0
31.03.2021 12:00,5.4,767.5,95,14,7.0,5,0,0,0,0,0,0,0,0
31.03.2021 13:00,5.0,768.2,93,14,7.0,5,0,0,0,0,0,0,0,0
31.03.2021 14:00,4.8,768.7,93,14,6.0,5,0,0,0,0,0,0,0,0
31.03.2021 15:00,4.8,769.0,92,14,6.0,5,0,0,0,0,0,0,0,0
31.03.2021 16:00,5.0,769.3,91,14,5.0,5,0,0,0,0,0,0,0,0
31.03.2021 17:00,5.0,769.5,89,14,4.0,8,0,0,0,0,0,0,0,0
31.03.2021 18:00,5.2,769.7,85,14,5.0,8,0,0,0,0,0,0,0,0
31.03.2021 19:00,4.8,770.0,85,14,5.0,8,0,0,0,0,0,0,0,0
31.03.2021 20:00,4.3,770.6,83,5,4.0,6,0,0,0,0,0,0,0,0
31.03.2021 21:00,3.9,771.1,88,5,5.0,8,0,0,0,0,0,0,0,0
31.03.2021 22:00,3.7,771.5,87,5,3.0,6,0,0,0,0,0,0,0,0
31.03.2021 23:00,3.6,772.0,84,9,4.0,6,0,0,0,0,0,0,0,0
01.04.2021 00:00,3.1,772.1,84,9,3.0,9,0,0,0,0,0,0,0,0
01.04.2021 01:00,-1.5,775.1,92,14,1.0,10,0,0,0,0,0,0,0,0
01.04.2021 02:00,3.1,772.3,76,9,3.0,10,0,0,0,0,0,0,0,0
01.04.2021 03:00,2.6,772.3,74,9,3.0,9,0,0,0,0,0,0,0,0
01.04.2021 04:00,2.6,772.3,74,9,2.0,9,0,0,0,0,0,0,0,0
01.04.2021 05:00,1.5,772.5,86,5,2.0,9,0,0,0,0,0,0,0,0
01.04.2021 06:00,2.5,772.9,81,5,1.0,9,0,0,0,0,0,0,0,0
01.04.2021 07:00,3.4,773.1,70,9,2.0,9,0,0,0,0,0,0,0,0
01.04.2021 08:00,3.0,773.5,73,5,2.0,9,0,0,0,0,0,0,0,0
01.04.2021 09:00,4.1,773.8,64,9,2.0,9,0,0,0,0,0,0,0,0
01.04.2021 10:00,4.7,774.1,60,5,3.0,9,0,0,0,0,0,0,0,0
01.04.2021 11:00,5.1,773.9,65,5,3.0,9,0,0,0,0,0,0,0,0
01.04.2021 12:00,5.6,773.9,57,9,3.0,9,0,0,0,0,0,0,0,0
01.04.2021 13:00,7.1,774.0,57,14,3.0,9,0,0,0,0,0,0,0,0
01.04.2021 14:00,7.2,773.9,55,14,2.0,9,0,0,0,0,0,0,0,0
01.04.2021 15:00,7.5,773.9,54,14,4.0,9,0,0,0,0,0,0,0,0
01.04.2021 16:00,7.1,774.0,59,13,4.0,9,0,0,0,0,0,0,0,0
01.04.2021 17:00,7.0,774.2,57,13,4.0,9,0,0,0,0,0,0,0,0
01.04.2021 18:00,6.2,774.4,60,13,4.0,10,0,0,0,0,0,0,0,0
01.04.2021 19:00,5.3,774.5,63,13,3.0,10,0,0,0,0,0,0,0,0
01.04.2021 20:00,3.8,774.7,70,11,2.0,10,0,0,0,0,0,0,0,0
01.04.2021 21:00,2.8,774.8,76,10,1.0,10,0,0,0,0,0,0,0,0
01.04.2021 22:00,1.6,775.1,81,15,1.0,10,0,0,0,0,0,0,0,0
01.04.2021 23:00,0.3,775.3,86,14,1.0,10,0,0,0,0,0,0,0,0
02.04.2021 00:00,-0.4,775.0,89,15,1.0,10,0,0,0,0,0,0,0,0
02.04.2021 01:00,-1.5,775.1,92,14,1.0,10,0,0,0,0,0,0,0,0
02.04.2021 02:00,-1.8,775.0,94,15,1.0,10,0,0,0,0,0,0,0,0
02.04.2021 03:00,-1.8,775.3,94,14,1.0,10,0,0,0,0,0,0,0,0
02.04.2021 04:00,2.0,774.8,95,9,2.0,8,0,0,0,0,0,0,0,0
02.04.2021 05:00,3.0,774.6,80,2,5.0,6,0,0,0,0,0,0,0,0
02.04.2021 06:00,3.3,774.4,80,2,5.0,6,0,0,0,0,0,0,0,0
02.04.2021 07:00,3.6,774.6,79,7,4.0,6,0,0,0,0,0,0,0,0
02.04.2021 08:00,5.0,774.9,77,4,6.0,6,0,0,0,0,0,0,0,0
02.04.2021 09:00,5.7,775.0,76,4,8.0,9,0,0,0,0,0,0,0,0
02.04.2021 10:00,6.4,775.4,77,4,6.0,9,0,0,0,0,0,0,0,0
02.04.2021 11:00,7.2,775.5,76,4,8.0,9,0,0,0,0,0,0,0,0
02.04.2021 12:00,7.7,775.6,78,9,7.0,8,0,0,0,0,0,0,0,0
02.04.2021 13:00,8.8,775.6,69,5,7.0,6,0,0,0,0,0,0,0,0
02.04.2021 14:00,10.2,775.6,53,5,6.0,9,0,0,0,0,0,0,0,0
02.04.2021 15:00,9.7,775.6,52,5,7.0,9,0,0,0,0,0,0,0,0
02.04.2021 16:00,9.9,775.7,55,5,8.0,9,0,0,0,0,0,0,0,0
02.04.2021 17:00,8.6,775.9,63,9,7.0,9,0,0,0,0,0,0,0,0
02.04.2021 18:00,8.2,776.0,64,5,7.0,6,0,0,0,0,0,0,0,0
02.04.2021 19:00,7.0,776.4,70,9,6.0,6,0,0,0,0,0,0,0,0
02.04.2021 20:00,6.1,776.8,73,9,5.0,10,0,0,0,0,0,0,0,0
02.04.2021 21:00,5.4,776.8,77,9,4.0,10,0,0,0,0,0,0,0,0
02.04.2021 22:00,5.5,777.2,79,9,4.0,6,0,0,0,0,0,0,0,0
02.04.2021 23:00,5.4,777.2,78,9,3.0,6,0,0,0,0,0,0,0,0
03.04.2021 00:00,5.3,777.1,70,9,6.0,6,0,0,0,0,0,0,0,0
03.04.2021 01:00,5.2,777.1,71,4,5.0,6,0,0,0,0,0,0,0,0
03.04.2021 02:00,4.1,777.2,78,4,5.0,6,0,0,0,0,0,0,0,0
03.04.2021 03:00,3.8,776.9,79,4,5.0,6,0,0,0,0,0,0,0,0
03.04.2021 04:00,3.8,776.8,79,4,5.0,6,0,0,0,0,0,0,0,0
03.04.2021 05:00,3.9,776.6,78,4,4.0,6,0,0,0,0,0,0,0,0
03.04.2021 06:00,4.8,776.5,75,4,5.0,6,0,0,0,0,0,0,0,0
03.04.2021 07:00,4.7,776.5,73,0,0.0,6,0,0,0,0,0,0,0,0
03.04.2021 08:00,5.0,776.7,72,7,4.0,6,0,0,0,0,0,0,0,0
03.04.2021 09:00,5.8,776.5,70,4,5.0,6,0,0,0,0,0,0,0,0
03.04.2021 10:00,6.6,776.6,69,4,6.0,6,0,0,0,0,0,0,0,0
03.04.2021 11:00,7.5,776.2,67,4,4.0,6,0,0,0,0,0,0,0,0
03.04.2021 12:00,7.9,776.2,65,9,4.0,6,0,0,0,0,0,0,0,0
03.04.2021 13:00,10.1,775.9,59,4,3.0,6,0,0,0,0,0,0,0,0
03.04.2021 14:00,11.4,775.5,55,9,2.0,10,0,0,0,0,0,0,0,0
03.04.2021 15:00,12.0,774.7,53,14,2.0,10,0,0,0,0,0,0,0,0
03.04.2021 16:00,12.2,774.1,58,11,3.0,10,0,0,0,0,0,0,0,0
03.04.2021 17:00,11.9,773.7,58,11,3.0,10,0,0,0,0,0,0,0,0
03.04.2021 18:00,11.6,773.3,59,13,3.0,10,0,0,0,0,0,0,0,0
03.04.2021 19:00,10.3,772.9,63,13,1.0,10,0,0,0,0,0,0,0,0
03.04.2021 20:00,8.7,772.8,68,16,1.0,10,0,0,0,0,0,0,0,0
03.04.2021 21:00,7.4,772.6,75,2,1.0,10,0,0,0,0,0,0,0,0
03.04.2021 22:00,6.0,772.4,80,5,1.0,10,0,0,0,0,0,0,0,0
03.04.2021 23:00,4.5,772.1,83,15,1.0,10,0,0,0,0,0,0,0,0
04.04.2021 00:00,4.9,771.5,83,3,1.0,10,0,0,0,0,0,0,0,0
04.04.2021 01:00,-1.1,760.0,74,4,13.0,9,0,0,0,0,0,0,0,0
04.04.2021 02:00,2.8,770.0,87,17,0.0,10,0,0,0,0,0,0,0,0
04.04.2021 03:00,1.7,769.3,93,17,0.0,10,0,0,0,0,0,0,0,0
04.04.2021 04:00,1.0,768.6,93,17,0.0,10,0,0,0,0,0,0,0,0
04.04.2021 05:00,0.7,767.4,89,5,1.0,10,0,0,0,0,0,0,0,0
04.04.2021 06:00,1.5,766.3,94,2,1.0,10,0,0,0,0,0,0,0,0
04.04.2021 07:00,-0.1,765.8,94,5,2.0,10,0,0,0,0,0,0,0,0
04.04.2021 08:00,2.2,765.3,95,8,1.0,10,0,0,0,0,0,0,0,0
04.04.2021 09:00,5.3,764.5,84,1,1.0,10,0,0,0,0,0,0,0,0
04.04.2021 10:00,11.2,763.3,44,7,2.0,10,0,0,0,0,0,0,0,0
04.04.2021 11:00,12.4,762.4,27,2,6.0,10,0,0,0,0,0,0,0,0
04.04.2021 12:00,11.5,761.3,35,7,9.0,10,0,0,0,0,0,0,0,0
04.04.2021 13:00,12.0,760.4,48,7,10.0,10,0,0,0,0,0,0,0,0
04.04.2021 14:00,10.5,760.1,54,2,13.0,10,0,0,0,0,0,0,0,0
04.04.2021 15:00,10.7,759.2,54,2,10.0,9,0,0,0,0,0,0,0,0
04.04.2021 16:00,10.3,758.2,59,2,10.0,9,0,0,0,0,0,0,0,0
04.04.2021 17:00,10.2,757.0,62,0,0.0,9,0,0,0,0,0,0,0,0
04.04.2021 18:00,9.9,756.7,67,7,7.0,9,0,0,0,0,0,0,0,0
04.04.2021 19:00,5.8,757.2,81,4,12.0,8,0,0,0,0,0,0,0,0
04.04.2021 20:00,5.8,757.2,62,7,10.0,7,0,0,0,0,0,0,0,0
04.04.2021 21:00,1.3,758.2,89,9,10.0,8,0,0,0,0,0,0,0,0
04.04.2021 22:00,0.9,758.5,91,4,8.0,5,0,1,0,0,0,0,0,0
04.04.2021 23:00,-0.8,759.0,96,0,0.0,5,0,1,0,0,0,0,0,0
05.04.2021 00:00,-0.4,759.2,71,4,12.0,7,0,0,0,0,0,0,0,0
05.04.2021 01:00,-1.1,760.0,74,4,13.0,9,0,0,0,0,0,0,0,0
05.04.2021 02:00,-2.7,760.8,83,0,0.0,8,0,0,0,0,0,0,0,0
05.04.2021 03:00,-2.7,761.1,74,0,0.0,6,0,0,0,0,0,0,0,0
05.04.2021 04:00,-3.0,761.3,78,0,0.0,6,0,0,0,0,0,0,0,0
05.04.2021 05:00,-2.9,761.2,74,0,0.0,7,0,0,0,0,0,0,0,0
05.04.2021 06:00,-2.6,761.3,74,0,0.0,7,0,0,0,0,0,0,0,0
05.04.2021 07:00,-2.5,761.5,79,0,0.0,7,0,0,0,0,0,0,0,0
05.04.2021 08:00,-1.9,761.5,78,0,0.0,9,0,0,0,0,0,0,0,0
05.04.2021 09:00,-1.5,761.8,83,0,0.0,6,0,0,0,0,0,0,0,0
05.04.2021 10:00,-0.2,761.8,69,0,0.0,10,0,0,0,0,0,0,0,0
05.04.2021 11:00,0.7,762.0,71,0,0.0,6,0,0,0,0,0,0,0,0
05.04.2021 12:00,1.2,761.9,70,0,0.0,6,0,1,0,0,0,0,0,0
05.04.2021 13:00,1.0,762.4,79,0,0.0,6,0,0,0,0,0,0,0,0
05.04.2021 14:00,1.7,762.8,73,0,0.0,6,0,0,0,0,0,0,0,0
05.04.2021 15:00,-0.5,763.6,91,0,0.0,4,0,1,0,0,0,0,0,0
05.04.2021 16:00,2.1,763.8,74,0,0.0,8,0,1,0,0,0,0,0,0
05.04.2021 17:00,1.8,764.1,70,0,0.0,9,0,0,0,0,0,0,0,0
05.04.2021 18:00,1.6,764.2,72,0,0.0,9,0,1,0,0,0,0,0,0
05.04.2021 19:00,1.8,764.4,66,0,0.0,9,0,1,0,0,0,0,0,0
05.04.2021 20:00,1.1,764.5,66,0,0.0,7,0,0,0,0,0,0,0,0
05.04.2021 21:00,0.8,764.5,67,0,0.0,10,0,0,0,0,0,0,0,0
05.04.2021 22:00,0.2,764.4,74,0,0.0,9,0,1,0,0,1,0,0,0
05.04.2021 23:00,-0.2,764.1,77,0,0.0,9,0,1,0,0,0,0,0,0
06.04.2021 00:00,-0.3,764.1,78,0,0.0,8,0,1,0,0,0,0,0,0
06.04.2021 01:00,0.2,764.2,80,9,8.0,8,0,1,0,0,0,0,0,0
06.04.2021 02:00,-0.7,763.6,77,4,10.0,9,0,0,0,0,0,1,0,0
06.04.2021 03:00,-0.5,763.6,77,4,7.0,7,0,1,0,0,0,0,0,0
06.04.2021 04:00,-1.9,763.7,90,4,10.0,5,0,1,0,0,0,0,0,0
06.04.2021 05:00,-1.4,763.6,86,4,11.0,8,0,1,0,0,0,0,0,0
06.04.2021 06:00,-1.3,763.4,85,7,8.0,8,0,1,0,0,0,0,0,0
06.04.2021 07:00,-1.1,763.6,81,4,9.0,5,0,0,0,0,0,1,0,0
06.04.2021 08:00,-0.8,763.4,83,4,9.0,6,0,1,0,0,0,0,0,0
06.04.2021 09:00,-1.3,763.3,85,4,8.0,8,0,1,0,0,0,0,0,0
06.04.2021 10:00,-0.2,763.3,74,4,10.0,5,0,0,0,0,0,0,0,0
06.04.2021 11:00,-0.5,763.5,82,7,10.0,6,0,1,0,0,0,0,0,0
06.04.2021 12:00,0.4,763.4,71,4,9.0,9,0,1,0,0,0,0,0,0
06.04.2021 13:00,1.0,763.4,66,4,10.0,9,0,1,0,0,0,0,0,0
06.04.2021 14:00,1.3,763.3,71,4,9.0,5,0,0,0,0,0,1,0,0
06.04.2021 15:00,2.2,763.3,64,9,10.0,9,0,1,0,0,0,0,0,0
06.04.2021 16:00,1.7,763.5,61,4,11.0,7,0,0,1,0,0,0,0,0
06.04.2021 17:00,0.8,763.6,75,4,12.0,7,0,0,0,0,0,0,0,0
06.04.2021 18:00,1.9,763.3,57,4,12.0,9,0,0,0,0,0,0,0,0
06.04.2021 19:00,1.9,763.3,57,4,13.0,9,0,1,0,0,0,0,0,0
06.04.2021 20:00,1.7,763.1,55,4,12.0,9,0,0,0,0,0,0,0,0
06.04.2021 21:00,1.4,763.6,64,4,13.0,9,0,0,0,0,0,1,0,0
06.04.2021 22:00,1.5,763.7,65,4,10.0,9,0,0,0,0,0,1,0,0
06.04.2021 23:00,0.9,763.7,73,4,10.0,9,0,0,0,0,0,0,0,0
07.04.2021 00:00,1.0,763.9,72,4,7.0,6,0,1,0,0,0,0,0,0
07.04.2021 01:00,0.1,761.9,70,1,3.0,10,0,0,0,0,0,0,0,0
07.04.2021 02:00,-0.4,764.2,88,4,5.0,8,0,1,0,0,0,0,0,0
07.04.2021 03:00,0.4,764.2,74,4,7.0,6,0,1,0,0,0,0,0,0
07.04.2021 04:00,0.2,764.2,73,4,7.0,6,0,0,0,0,0,1,0,0
07.04.2021 05:00,-0.9,764.1,91,9,6.0,4,0,1,0,0,0,0,0,0
07.04.2021 06:00,-0.9,764.1,86,7,7.0,6,0,1,0,0,0,0,0,0
07.04.2021 07:00,-0.5,764.4,83,4,8.0,6,0,1,0,0,0,0,0,0
07.04.2021 08:00,-0.2,764.7,83,7,7.0,7,0,1,0,0,1,0,0,0
07.04.2021 09:00,-0.7,764.8,90,4,6.0,4,0,0,0,0,0,0,0,0
07.04.2021 10:00,-0.3,765.1,88,9,6.0,8,0,1,0,0,0,0,0,0
07.04.2021 11:00,1.1,765.0,76,9,7.0,7,0,1,0,0,0,0,0,0
07.04.2021 12:00,2.6,765.1,74,9,7.0,6,0,0,0,0,0,0,0,0
07.04.2021 13:00,2.4,765.3,66,9,7.0,9,0,0,0,0,0,1,0,0
07.04.2021 14:00,3.2,765.3,52,4,8.0,7,0,0,0,0,0,1,0,0
07.04.2021 15:00,3.2,765.2,57,4,6.0,7,0,0,0,0,0,0,0,0
07.04.2021 16:00,3.1,765.1,65,9,6.0,9,0,0,0,0,0,0,0,0
07.04.2021 17:00,3.2,765.0,61,4,4.0,9,0,0,0,0,0,0,0,0
07.04.2021 18:00,3.5,764.7,60,9,3.0,9,0,0,0,0,0,0,0,0
07.04.2021 19:00,3.3,764.6,60,7,3.0,9,0,0,0,0,0,0,0,0
07.04.2021 20:00,2.8,764.5,63,7,2.0,7,0,0,0,0,0,0,0,0
07.04.2021 21:00,2.1,764.2,69,10,2.0,7,0,0,0,0,0,0,0,0
07.04.2021 22:00,1.7,763.8,69,8,3.0,7,0,0,0,0,0,0,0,0
07.04.2021 23:00,1.7,763.3,68,8,3.0,9,0,0,0,0,0,0,0,0
08.04.2021 00:00,1.3,762.6,65,8,2.0,9,0,0,0,0,0,0,0,0
08.04.2021 01:00,0.1,761.9,70,1,3.0,10,0,0,0,0,0,0,0,0
08.04.2021 02:00,1.3,761.0,65,1,3.0,10,0,0,0,0,0,0,0,0
08.04.2021 03:00,0.8,759.8,71,11,2.0,7,0,0,0,0,0,0,0,0
08.04.2021 04:00,2.6,758.7,65,1,3.0,7,0,0,0,0,0,0,0,0
08.04.2021 05:00,3.0,757.5,70,8,5.0,3,0,0,0,0,0,0,0,0
08.04.2021 06:00,3.8,756.4,72,8,5.0,10,0,0,0,0,0,0,0,0
08.04.2021 07:00,3.8,755.8,75,8,4.0,10,0,0,0,0,0,0,0,0
08.04.2021 08:00,4.8,755.2,73,3,3.0,10,0,0,0,0,0,0,0,0
08.04.2021 09:00,7.3,754.6,65,10,7.0,10,0,0,0,0,0,0,0,0
08.04.2021 10:00,9.2,753.7,59,8,6.0,9,0,0,0,0,0,0,0,0
08.04.2021 11:00,10.2,753.0,55,8,8.0,9,0,0,0,0,0,0,0,0
08.04.2021 12:00,11.0,752.3,55,10,8.0,9,0,0,0,0,0,0,0,0
08.04.2021 13:00,11.0,751.8,54,10,8.0,7,0,0,0,0,0,0,0,0
08.04.2021 14:00,11.9,751.0,49,10,11.0,7,0,0,0,0,0,0,0,0
08.04.2021 15:00,12.3,750.2,48,10,11.0,9,0,0,0,0,0,0,0,0
08.04.2021 16:00,11.2,749.7,51,10,10.0,7,0,0,0,0,0,0,0,0
08.04.2021 17:00,7.6,749.7,73,7,11.0,9,0,0,0,0,0,0,0,0
08.04.2021 18:00,7.0,749.8,79,7,6.0,9,0,0,0,0,0,0,0,0
08.04.2021 19:00,7.3,749.2,66,2,6.0,7,0,0,0,0,0,0,0,0
08.04.2021 20:00,6.1,749.0,56,2,8.0,7,0,0,0,0,0,0,0,0
08.04.2021 21:00,5.6,748.9,50,2,7.0,10,0,0,0,0,0,0,0,0
08.04.2021 22:00,4.9,748.9,53,2,7.0,10,0,0,0,0,0,0,0,0
08.04.2021 23:00,4.5,750.1,66,2,10.0,9,0,0,0,0,0,0,0,0
09.04.2021 00:00,2.5,751.6,87,7,9.0,8,0,0,0,0,0,0,0,0
09.04.2021 01:00,2.3,752.8,88,7,7.0,8,0,0,0,0,0,0,0,0
09.04.2021 02:00,1.9,753.7,87,7,5.0,8,0,0,0,0,0,0,0,0
09.04.2021 03:00,1.3,754.3,84,7,7.0,10,0,0,0,0,0,0,0,0
09.04.2021 04:00,0.8,754.3,84,4,9.0,9,0,1,0,0,0,0,0,0
09.04.2021 05:00,0.7,754.9,79,7,8.0,10,0,1,0,0,0,0,0,0
09.04.2021 06:00,0.5,755.4,75,7,7.0,10,0,0,0,0,0,0,0,0
09.04.2021 07:00,0.3,756.1,73,7,4.0,10,0,0,0,0,0,0,0,0
09.04.2021 08:00,0.9,756.5,69,7,6.0,10,0,0,0,0,0,0,0,0
09.04.2021 09:00,1.6,757.0,65,7,5.0,10,0,0,0,0,0,0,0,0
09.04.2021 10:00,2.2,757.1,59,7,7.0,10,0,0,0,0,0,0,0,0
09.04.2021 11:00,3.2,757.3,55,7,9.0,9,0,0,0,0,0,0,0,0
09.04.2021 12:00,4.1,757.6,49,2,7.0,9,0,0,0,0,0,0,0,0
09.04.2021 13:00,4.5,757.5,48,7,7.0,9,0,0,0,0,0,0,0,0
09.04.2021 14:00,4.7,757.8,47,4,7.0,9,0,0,0,0,0,0,0,0
09.04.2021 15:00,4.5,758.0,51,7,8.0,9,0,0,0,0,0,0,0,0
09.04.2021 16:00,4.2,758.2,55,7,9.0,7,0,0,0,0,0,0,0,0
09.04.2021 17:00,4.8,758.4,52,7,7.0,9,0,0,0,0,0,0,0,0
09.04.2021 18:00,2.4,758.9,69,4,9.0,9,0,0,0,0,0,1,0,0
09.04.2021 19:00,2.3,759.1,70,2,6.0,10,0,0,0,0,0,0,0,0
09.04.2021 20:00,1.5,759.7,68,7,5.0,7,0,1,0,0,0,0,0,0
09.04.2021 21:00,0.6,760.0,85,2,3.0,9,0,1,0,0,0,0,0,0
09.04.2021 22:00,0.1,760.3,90,7,4.0,8,0,1,0,0,0,0,0,0
09.04.2021 23:00,0.1,760.6,83,2,3.0,9,0,1,0,0,0,0,0,0
10.04.2021 00:00,0.2,760.7,81,7,5.0,9,0,0,0,0,0,0,0,0
10.04.2021 01:00,0.1,761.0,80,7,5.0,10,0,0,0,0,0,0,0,0
10.04.2021 02:00,-0.4,761.2,81,2,4.0,10,0,0,0,0,0,0,0,0
10.04.2021 03:00,-0.5,761.2,79,7,5.0,10,0,0,0,0,0,0,0,0
10.04.2021 04:00,-0.8,761.2,79,2,4.0,10,0,0,0,0,0,0,0,0
10.04.2021 05:00,-0.8,761.4,79,2,4.0,10,0,0,0,0,0,0,0,0
10.04.2021 06:00,-0.7,761.5,78,7,5.0,10,0,0,0,0,0,0,0,0
10.04.2021 07:00,-0.7,761.8,77,7,4.0,10,0,0,0,0,0,0,0,0
10.04.2021 08:00,0.4,762.1,74,2,4.0,10,0,0,0,0,0,0,0,0
10.04.2021 09:00,1.7,762.4,71,7,5.0,10,0,0,0,0,0,0,0,0
10.04.2021 10:00,3.2,762.4,67,4,6.0,10,0,0,0,0,0,0,0,0
10.04.2021 11:00,3.9,762.5,65,4,7.0,6,0,0,0,0,0,0,0,0
10.04.2021 12:00,4.5,762.7,56,9,6.0,6,0,0,0,0,0,0,0,0
10.04.2021 13:00,4.3,762.9,60,4,6.0,9,0,0,0,0,0,0,0,0
10.04.2021 14:00,4.8,762.9,64,5,5.0,6,0,0,0,0,0,0,0,0
10.04.2021 15:00,5.2,762.8,60,5,6.0,9,0,0,0,0,0,0,0,0
10.04.2021 16:00,5.3,762.8,51,5,6.0,9,0,0,0,0,0,0,0,0
10.04.2021 17:00,4.1,763.1,60,5,5.0,9,0,0,0,0,0,0,0,0
10.04.2021 18:00,4.3,763.2,50,5,5.0,9,0,0,0,0,0,0,0,0
10.04.2021 19:00,3.2,763.5,61,5,5.0,6,0,0,0,0,0,0,0,0
10.04.2021 20:00,2.4,763.6,67,9,4.0,10,0,0,0,0,0,0,0,0
10.04.2021 21:00,1.6,764.1,70,4,4.0,10,0,0,0,0,0,0,0,0
10.04.2021 22:00,0.9,764.2,73,7,4.0,9,0,0,0,0,0,0,0,0
10.04.2021 23:00,-1.6,764.5,80,5,2.0,9,0,0,0,0,0,0,0,0
11.04.2021 00:00,-0.3,764.5,80,4,3.0,10,0,0,0,0,0,0,0,0
11.04.2021 01:00,-0.2,764.6,79,4,3.0,10,0,0,0,0,0,0,0,0
11.04.2021 02:00,-0.1,764.8,83,9,4.0,6,0,0,0,0,0,0,0,0
11.04.2021 03:00,-0.6,764.5,86,4,3.0,7,0,0,0,0,0,1,0,0
11.04.2021 04:00,-0.8,764.5,84,7,4.0,10,0,0,0,0,0,0,0,0
11.04.2021 05:00,-1.2,764.6,85,9,2.0,9,0,0,0,0,0,0,0,0
11.04.2021 06:00,-0.8,764.5,85,7,6.0,9,0,0,0,0,0,0,0,0
11.04.2021 07:00,-0.9,764.6,83,7,5.0,7,0,1,0,0,0,0,0,0
11.04.2021 08:00,-0.4,764.9,85,4,2.0,6,0,1,0,0,0,0,0,0
11.04.2021 09:00,1.2,764.8,73,4,7.0,10,0,1,0,0,0,0,0,0
11.04.2021 10:00,2.6,764.8,63,4,8.0,10,0,0,0,0,0,0,0,0
11.04.2021 11:00,2.2,765.0,68,4,8.0,8,0,0,0,0,0,0,0,0
11.04.2021 12:00,4.2,764.8,53,4,8.0,9,0,0,0,0,0,0,0,0
11.04.2021 13:00,3.7,765.1,55,9,8.0,9,0,0,0,0,0,0,0,0
11.04.2021 14:00,2.9,765.4,67,5,6.0,6,0,0,0,0,0,0,0,0
11.04.2021 15:00,3.2,765.6,70,9,7.0,9,0,1,0,0,0,0,0,0
11.04.2021 16:00,2.2,765.5,77,9,6.0,6,0,1,0,0,0,0,0,0
11.04.2021 17:00,4.6,765.4,56,4,8.0,6,0,1,0,0,0,0,0,0
11.04.2021 18:00,3.0,765.7,72,4,4.0,6,0,0,0,0,0,1,0,0
11.04.2021 19:00,3.4,766.0,60,9,6.0,9,0,0,0,0,0,0,0,0
11.04.2021 20:00,1.6,766.5,78,7,5.0,7,0,0,0,0,0,1,0,0
11.04.2021 21:00,0.6,766.9,85,7,5.0,8,0,0,0,0,0,0,0,0
11.04.2021 22:00,0.3,767.2,94,7,5.0,5,0,1,0,0,0,0,0,0
11.04.2021 23:00,0.1,767.3,93,0,0.0,5,0,0,0,0,0,1,0,0
12.04.2021 00:00,0.1,767.6,92,4,6.0,10,0,1,0,0,1,0,0,0
12.04.2021 01:00,2.2,772.9,78,5,1.0,10,0,0,0,0,0,0,0,0
12.04.2021 02:00,0.1,768.1,92,4,5.0,9,0,0,0,0,0,0,0,0
12.04.2021 03:00,-0.4,768.1,91,5,4.0,9,0,0,0,0,0,0,0,0
12.04.2021 04:00,0.4,768.2,84,7,6.0,9,0,1,0,0,0,0,0,0
12.04.2021 05:00,0.0,768.4,84,4,7.0,10,0,0,0,0,0,0,0,0
12.04.2021 06:00,-0.2,768.7,84,4,5.0,10,0,0,0,0,0,0,0,0
12.04.2021 07:00,-0.1,769.0,80,7,6.0,10,0,0,0,0,0,0,0,0
12.04.2021 08:00,0.5,769.5,76,7,5.0,10,0,0,0,0,0,0,0,0
12.04.2021 09:00,2.0,769.8,72,7,5.0,10,0,0,0,0,0,0,0,0
12.04.2021 10:00,3.7,769.9,66,4,7.0,10,0,0,0,0,0,0,0,0
12.04.2021 11:00,4.5,770.2,61,4,7.0,10,0,0,0,0,0,0,0,0
12.04.2021 12:00,5.2,770.2,57,4,8.0,9,0,0,0,0,0,0,0,0
12.04.2021 13:00,7.0,770.4,50,9,7.0,9,0,0,0,0,0,0,0,0
12.04.2021 14:00,6.6,770.5,48,9,7.0,9,0,0,0,0,0,0,0,0
12.04.2021 15:00,6.6,770.8,46,9,7.0,9,0,0,0,0,0,0,0,0
12.04.2021 16:00,6.4,770.8,47,9,6.0,7,0,0,0,0,0,0,0,0
12.04.2021 17:00,7.2,770.8,38,5,5.0,7,0,0,0,0,0,0,0,0
12.04.2021 18:00,6.2,771.1,51,9,5.0,7,0,0,0,0,0,0,0,0
12.04.2021 19:00,5.5,771.5,59,9,4.0,3,0,0,0,0,0,0,0,0
12.04.2021 20:00,5.1,771.8,63,4,3.0,7,0,0,0,0,0,0,0,0
12.04.2021 21:00,4.1,772.1,68,4,4.0,7,0,0,0,0,0,0,0,0
12.04.2021 22:00,3.3,772.3,72,7,4.0,3,0,0,0,0,0,0,0,0
12.04.2021 23:00,3.4,772.4,70,7,4.0,7,0,0,0,0,0,0,0,0
13.04.2021 00:00,2.6,772.6,76,2,4.0,7,0,0,0,0,0,0,0,0
13.04.2021 01:00,2.2,772.9,78,5,1.0,10,0,0,0,0,0,0,0,0
13.04.2021 02:00,1.8,772.9,77,2,4.0,10,0,0,0,0,0,0,0,0
13.04.2021 03:00,1.3,772.9,76,2,4.0,10,0,0,0,0,0,0,0,0
13.04.2021 04:00,1.2,773.0,76,2,5.0,10,0,0,0,0,0,0,0,0
13.04.2021 05:00,0.9,773.1,77,13,1.0,10,0,0,0,0,0,0,0,0
13.04.2021 06:00,0.3,773.2,83,16,1.0,10,0,0,0,0,0,0,0,0
13.04.2021 07:00,-2.1,773.5,87,5,2.0,10,0,0,0,0,0,0,0,0
13.04.2021 08:00,0.2,773.8,87,7,3.0,7,0,0,0,0,0,0,0,0
13.04.2021 09:00,3.0,773.8,64,4,4.0,7,0,0,0,0,0,0,0,0
13.04.2021 10:00,4.2,774.1,63,4,5.0,9,0,0,0,0,0,0,0,0
13.04.2021 11:00,5.6,774.1,62,4,4.0,9,0,0,0,0,0,0,0,0
13.04.2021 12:00,6.8,774.1,55,4,3.0,9,0,0,0,0,0,0,0,0
13.04.2021 13:00,6.7,774.0,46,9,4.0,9,0,0,0,0,0,0,0,0
13.04.2021 14:00,7.2,774.0,42,5,4.0,7,0,0,0,0,0,0,0,0
13.04.2021 15:00,8.0,773.9,48,9,4.0,9,0,0,0,0,0,0,0,0
13.04.2021 16:00,7.8,774.0,42,9,5.0,9,0,0,0,0,0,0,0,0
13.04.2021 17:00,6.2,774.1,59,1,4.0,7,0,0,0,0,0,0,0,0
13.04.2021 18:00,6.2,774.2,57,3,3.0,7,0,0,0,0,0,0,0,0
13.04.2021 19:00,5.5,774.4,58,1,3.0,7,0,0,0,0,0,0,0,0
13.04.2021 20:00,3.6,774.7,64,1,4.0,10,0,0,0,0,0,0,0,0
13.04.2021 21:00,3.4,775.0,64,1,2.0,10,0,0,0,0,0,0,0,0
13.04.2021 22:00,2.6,775.2,71,3,2.0,10,0,0,0,0,0,0,0,0
13.04.2021 23:00,1.3,775.3,74,13,1.0,10,0,0,0,0,0,0,0,0
14.04.2021 00:00,0.2,775.3,82,4,1.0,10,0,0,0,0,0,0,0,0
14.04.2021 01:00,0.4,776.7,85,5,1.0,10,0,0,0,0,0,0,0,0
14.04.2021 02:00,-1.5,775.3,88,17,0.0,10,0,0,0,0,0,0,0,0
14.04.2021 03:00,-2.6,775.5,90,14,2.0,10,0,0,0,0,0,0,0,0
14.04.2021 04:00,-2.5,775.5,92,5,1.0,9,0,0,0,0,0,0,0,0
14.04.2021 05:00,-2.7,775.4,92,5,1.0,9,0,0,0,0,0,0,0,0
14.04.2021 06:00,-3.3,775.6,93,9,1.0,10,0,0,0,0,0,0,0,0
14.04.2021 07:00,-2.5,775.8,90,14,1.0,9,0,0,0,0,0,0,0,0
14.04.2021 08:00,-0.4,776.0,87,5,2.0,9,0,0,0,0,0,0,0,0
14.04.2021 09:00,3.4,775.9,78,5,2.0,10,0,0,0,0,0,0,0,0
14.04.2021 10:00,6.3,775.9,63,9,3.0,10,0,0,0,0,0,0,0,0
14.04.2021 11:00,8.1,776.0,47,5,2.0,10,0,0,0,0,0,0,0,0
14.04.2021 12:00,9.8,775.8,50,15,2.0,10,0,0,0,0,0,0,0,0
14.04.2021 13:00,9.6,775.7,47,15,2.0,10,0,0,0,0,0,0,0,0
14.04.2021 14:00,10.3,775.8,50,13,4.0,10,0,0,0,0,0,0,0,0
14.04.2021 15:00,10.0,775.7,47,12,4.0,10,0,0,0,0,0,0,0,0
14.04.2021 16:00,9.9,775.7,49,12,4.0,10,0,0,0,0,0,0,0,0
14.04.2021 17:00,9.2,775.7,49,12,4.0,10,0,0,0,0,0,0,0,0
14.04.2021 18:00,8.4,775.8,50,12,4.0,9,0,0,0,0,0,0,0,0
14.04.2021 19:00,7.3,775.8,56,12,3.0,10,0,0,0,0,0,0,0,0
14.04.2021 20:00,6.0,776.0,59,6,2.0,10,0,0,0,0,0,0,0,0
14.04.2021 21:00,5.2,776.4,69,1,3.0,10,0,0,0,0,0,0,0,0
14.04.2021 22:00,3.7,776.5,75,11,1.0,10,0,0,0,0,0,0,0,0
14.04.2021 23:00,3.4,776.5,78,5,1.0,10,0,0,0,0,0,0,0,0
15.04.2021 00:00,1.0,776.7,82,17,0.0,10,0,0,0,0,0,0,0,0
15.04.2021 01:00,1.6,774.6,88,1,4.0,10,0,0,0,0,0,0,0,0
15.04.2021 02:00,-0.9,776.6,87,5,1.0,10,0,0,0,0,0,0,0,0
15.04.2021 03:00,-1.7,776.7,90,5,1.0,10,0,0,0,0,0,0,0,0
15.04.2021 04:00,-1.6,776.7,90,14,1.0,10,0,0,0,0,0,0,0,0
15.04.2021 05:00,-2.3,776.6,92,5,1.0,10,0,0,0,0,0,0,0,0
15.04.2021 06:00,-2.6,776.5,93,5,1.0,10,0,0,0,0,0,0,0,0
15.04.2021 07:00,-2.4,776.8,92,15,1.0,10,0,0,0,0,0,0,0,0
15.04.2021 08:00,0.5,776.8,87,17,0.0,10,0,0,0,0,0,0,0,0
15.04.2021 09:00,3.9,776.7,75,15,1.0,10,0,0,0,0,0,0,0,0
15.04.2021 10:00,7.2,776.5,61,6,2.0,10,0,0,0,0,0,0,0,0
15.04.2021 11:00,8.9,776.3,62,12,3.0,10,0,0,0,0,0,0,0,0
15.04.2021 12:00,9.1,776.2,59,11,5.0,10,0,0,0,0,0,0,0,0
15.04.2021 13:00,9.1,776.1,55,11,5.0,10,0,0,0,0,0,0,0,0
15.04.2021 14:00,9.6,775.9,43,11,5.0,10,0,0,0,0,0,0,0,0
15.04.2021 15:00,9.6,775.7,44,6,5.0,10,0,0,0,0,0,0,0,0
15.04.2021 16:00,9.3,775.3,45,11,5.0,10,0,0,0,0,0,0,0,0
15.04.2021 17:00,8.7,775.1,46,6,5.0,10,0,0,0,0,0,0,0,0
15.04.2021 18:00,7.6,775.0,59,6,5.0,10,0,0,0,0,0,0,0,0
15.04.2021 19:00,6.3,775.0,67,6,5.0,10,0,0,0,0,0,0,0,0
15.04.2021 20:00,5.1,775.2,71,6,4.0,10,0,0,0,0,0,0,0,0
15.04.2021 21:00,4.2,775.3,79,6,4.0,10,0,0,0,0,0,0,0,0
15.04.2021 22:00,3.5,775.1,82,6,4.0,10,0,0,0,0,0,0,0,0
15.04.2021 23:00,3.0,775.0,84,1,3.0,10,0,0,0,0,0,0,0,0
16.04.2021 00:00,2.3,774.8,86,1,3.0,10,0,0,0,0,0,0,0,0
16.04.2021 01:00,1.6,774.6,88,1,4.0,10,0,0,0,0,0,0,0,0
16.04.2021 02:00,1.5,774.3,89,1,3.0,10,0,0,0,0,0,0,0,0
16.04.2021 03:00,1.4,774.1,91,6,2.0,10,0,0,0,0,0,0,0,0
16.04.2021 04:00,1.8,773.9,91,1,3.0,10,0,0,0,0,0,0,0,0
16.04.2021 05:00,1.9,773.8,92,6,1.0,10,0,0,0,0,0,0,0,0
16.04.2021 06:00,2.2,773.7,93,3,1.0,8,0,0,0,0,0,0,0,0
16.04.2021 07:00,3.3,773.5,92,1,2.0,8,0,0,0,0,0,0,0,0
16.04.2021 08:00,4.5,773.5,89,1,3.0,8,0,0,0,0,0,0,0,0
16.04.2021 09:00,6.4,773.4,81,1,5.0,8,0,0,0,0,0,0,0,0
16.04.2021 10:00,7.7,773.3,71,6,5.0,10,0,0,0,0,0,0,0,0
16.04.2021 11:00,9.2,773.1,61,1,4.0,10,0,0,0,0,0,0,0,0
16.04.2021 12:00,10.6,772.7,58,6,5.0,10,0,0,0,0,0,0,0,0
16.04.2021 13:00,11.1,772.3,58,11,5.0,10,0,0,0,0,0,0,0,0
16.04.2021 14:00,10.6,772.1,46,6,7.0,10,0,0,0,0,0,0,0,0
16.04.2021 15:00,10.7,771.9,41,6,8.0,10,0,0,0,0,0,0,0,0
16.04.2021 16:00,9.7,771.7,48,6,6.0,10,0,0,0,0,0,0,0,0
16.04.2021 17:00,8.9,771.6,58,1,8.0,10,0,0,0,0,0,0,0,0
16.04.2021 18:00,8.6,771.5,62,6,7.0,10,0,0,0,0,0,0,0,0
16.04.2021 19:00,8.0,771.6,68,6,6.0,10,0,0,0,0,0,0,0,0
16.04.2021 20:00,7.0,771.8,67,1,6.0,10,0,0,0,0,0,0,0,0
16.04.2021 21:00,6.1,772.2,67,1,5.0,10,0,0,0,0,0,0,0,0
16.04.2021 22:00,4.5,772.4,72,6,3.0,10,0,0,0,0,0,0,0,0
16.04.2021 23:00,5.1,772.5,69,1,2.0,10,0,0,0,0,0,0,0,0
17.04.2021 00:00,4.3,772.6,72,12,1.0,10,0,0,0,0,0,0,0,0
17.04.2021 01:00,4.4,769.8,90,6,4.0,10,0,0,0,0,0,0,0,0
17.04.2021 02:00,1.9,772.6,80,6,1.0,10,0,0,0,0,0,0,0,0
17.04.2021 03:00,0.8,772.6,87,17,0.0,10,0,0,0,0,0,0,0,0
17.04.2021 04:00,-0.1,772.6,88,15,1.0,10,0,0,0,0,0,0,0,0
17.04.2021 05:00,-0.7,772.6,90,5,1.0,10,0,0,0,0,0,0,0,0
17.04.2021 06:00,-0.7,772.6,90,5,1.0,10,0,0,0,0,0,0,0,0
17.04.2021 07:00,-1.1,772.5,92,9,1.0,10,0,0,0,0,0,0,0,0
17.04.2021 08:00,1.9,772.6,89,5,1.0,10,0,0,0,0,0,0,0,0
17.04.2021 09:00,5.5,772.4,78,4,1.0,10,0,0,0,0,0,0,0,0
17.04.2021 10:00,9.2,772.2,53,0,0.0,10,0,0,0,0,0,0,0,0
17.04.2021 11:00,10.8,772.0,43,0,0.0,10,0,0,0,0,0,0,0,0
17.04.2021 12:00,11.3,771.7,42,0,0.0,10,0,0,0,0,0,0,0,0
17.04.2021 13:00,11.1,771.3,46,0,0.0,10,0,0,0,0,0,0,0,0
17.04.2021 14:00,11.3,771.1,48,0,0.0,10,0,0,0,0,0,0,0,0
17.04.2021 15:00,10.6,770.8,46,1,8.0,10,0,0,0,0,0,0,0,0
17.04.2021 16:00,10.0,770.5,47,1,8.0,10,0,0,0,0,0,0,0,0
17.04.2021 17:00,9.5,770.3,52,6,7.0,10,0,0,0,0,0,0,0,0
17.04.2021 18:00,8.7,770.1,61,6,7.0,10,0,0,0,0,0,0,0,0
17.04.2021 19:00,7.6,770.1,69,6,7.0,10,0,0,0,0,0,0,0,0
17.04.2021 20:00,6.1,770.1,79,6,5.0,10,0,0,0,0,0,0,0,0
17.04.2021 21:00,4.9,770.4,86,6,5.0,10,1,0,0,0,0,0,0,1
17.04.2021 22:00,4.4,770.4,89,6,4.0,10,1,0,0,0,0,0,0,1
17.04.2021 23:00,4.1,770.2,92,0,0.0,5,1,0,0,0,0,0,0,1
18.04.2021 00:00,4.6,770.0,90,6,4.0,5,0,0,0,0,0,0,0,0
18.04.2021 01:00,6.2,767.8,69,1,4.0,10,0,0,0,0,0,0,0,0
18.04.2021 02:00,4.0,769.4,89,1,3.0,10,0,0,0,0,0,0,0,0
18.04.2021 03:00,2.7,769.0,89,11,3.0,10,0,0,0,0,0,0,0,0
18.04.2021 04:00,4.1,768.7,88,1,4.0,10,0,0,0,0,0,0,0,0
18.04.2021 05:00,3.9,768.4,89,1,4.0,10,0,0,0,0,0,0,0,0
18.04.2021 06:00,4.5,768.1,89,1,5.0,10,0,0,0,0,0,0,0,0
18.04.2021 07:00,5.4,768.3,88,1,4.0,10,0,0,0,0,0,0,0,0
18.04.2021 08:00,6.6,768.1,83,1,5.0,10,0,0,0,0,0,0,0,0
18.04.2021 09:00,7.1,768.1,80,6,4.0,10,0,0,0,0,0,0,0,0
18.04.2021 10:00,9.0,768.0,79,11,5.0,10,0,0,0,0,0,0,0,0
18.04.2021 11:00,10.2,767.9,68,6,6.0,10,0,0,0,0,0,0,0,0
18.04.2021 12:00,10.8,767.8,53,1,7.0,10,0,0,0,0,0,0,0,0
18.04.2021 13:00,11.1,767.8,55,6,6.0,10,0,0,0,0,0,0,0,0
18.04.2021 14:00,10.9,767.7,59,6,7.0,10,0,0,0,0,0,0,0,0
18.04.2021 15:00,10.5,767.8,54,1,7.0,7,0,0,0,0,0,0,0,0
18.04.2021 16:00,10.2,767.6,58,1,7.0,7,0,0,0,0,0,0,0,0
18.04.2021 17:00,9.4,767.6,66,6,6.0,7,0,0,0,0,0,0,0,0
18.04.2021 18:00,9.3,767.8,67,6,6.0,10,0,0,0,0,0,0,0,0
18.04.2021 19:00,8.2,768.0,61,1,7.0,3,0,0,0,0,0,0,0,0
18.04.2021 20:00,8.2,768.1,64,1,5.0,10,0,0,0,0,0,0,0,0
18.04.2021 21:00,6.9,768.4,75,6,5.0,10,0,0,0,0,0,0,0,0
18.04.2021 22:00,7.2,768.4,68,1,5.0,10,0,0,0,0,0,0,0,0
18.04.2021 23:00,6.7,768.1,70,1,5.0,10,0,0,0,0,0,0,0,0
19.04.2021 00:00,6.4,768.1,69,1,5.0,10,0,0,0,0,0,0,0,0
19.04.2021 01:00,6.2,767.8,69,1,4.0,10,0,0,0,0,0,0,0,0
19.04.2021 02:00,5.2,767.7,71,1,2.0,10,0,0,0,0,0,0,0,0
19.04.2021 03:00,4.8,767.4,81,1,3.0,10,0,0,0,0,0,0,0,0
19.04.2021 04:00,4.7,767.1,82,6,3.0,10,0,0,0,0,0,0,0,0
19.04.2021 05:00,5.5,766.9,83,1,5.0,10,0,0,0,0,0,0,0,0
19.04.2021 06:00,5.2,766.8,85,1,5.0,10,0,0,0,0,0,0,0,0
19.04.2021 07:00,5.9,766.6,84,1,4.0,10,0,0,0,0,0,0,0,0
19.04.2021 08:00,8.0,766.6,74,1,5.0,10,0,0,0,0,0,0,0,0
19.04.2021 09:00,8.8,766.3,73,1,4.0,10,0,0,0,0,0,0,0,0
19.04.2021 10:00,11.3,766.0,55,3,5.0,10,0,0,0,0,0,0,0,0
19.04.2021 11:00,12.5,765.8,58,6,6.0,10,0,0,0,0,0,0,0,0
19.04.2021 12:00,12.2,765.6,53,6,7.0,10,0,0,0,0,0,0,0,0
19.04.2021 13:00,12.7,765.4,51,1,7.0,10,0,0,0,0,0,0,0,0
19.04.2021 14:00,12.9,765.2,50,6,7.0,10,0,0,0,0,0,0,0,0
19.04.2021 15:00,12.6,764.8,47,6,7.0,10,0,0,0,0,0,0,0,0
19.04.2021 16:00,12.1,764.6,47,6,7.0,10,0,0,0,0,0,0,0,0
19.04.2021 17:00,11.0,764.3,56,6,7.0,10,0,0,0,0,0,0,0,0
19.04.2021 18:00,9.9,764.2,58,6,7.0,10,0,0,0,0,0,0,0,0
19.04.2021 19:00,8.4,764.2,69,1,6.0,10,0,0,0,0,0,0,0,0
19.04.2021 20:00,8.6,764.1,67,1,4.0,10,0,0,0,0,0,0,0,0
19.04.2021 21:00,7.9,764.1,68,1,5.0,10,0,0,0,0,0,0,0,0
19.04.2021 22:00,7.3,764.0,72,0,0.0,10,0,0,0,0,0,0,0,0
19.04.2021 23:00,5.9,763.9,81,1,3.0,10,0,0,0,0,0,0,0,0
20.04.2021 00:00,5.5,763.7,85,6,3.0,10,0,0,0,0,0,0,0,0
20.04.2021 01:00,4.5,767.4,66,7,4.0,7,0,0,0,0,0,0,0,0
20.04.2021 02:00,4.9,763.3,90,5,1.0,10,0,0,0,0,0,0,0,0
20.04.2021 03:00,4.1,763.1,89,15,1.0,10,0,0,0,0,0,0,0,0
20.04.2021 04:00,4.0,763.0,90,14,1.0,10,0,0,0,0,0,0,0,0
20.04.2021 05:00,4.2,762.8,89,5,1.0,10,0,0,0,0,0,0,0,0
20.04.2021 06:00,4.6,763.0,89,15,1.0,7,0,0,0,0,0,0,0,0
20.04.2021 07:00,5.1,763.3,91,14,1.0,7,0,0,0,0,0,0,0,0
20.04.2021 08:00,7.5,763.3,86,2,3.0,9,0,0,0,0,0,0,0,0
20.04.2021 09:00,8.2,763.3,87,2,4.0,7,0,0,0,0,0,0,0,0
20.04.2021 10:00,9.1,763.5,83,2,3.0,9,0,0,0,0,0,0,0,0
20.04.2021 11:00,9.7,763.7,81,4,4.0,9,0,0,0,0,0,0,0,0
20.04.2021 12:00,6.8,764.3,88,9,6.0,5,0,0,0,0,0,0,0,0
20.04.2021 13:00,7.6,764.5,78,9,6.0,8,0,0,0,0,0,0,0,0
20.04.2021 14:00,9.1,764.5,71,9,5.0,6,0,0,0,0,0,0,0,0
20.04.2021 15:00,10.0,764.5,62,9,5.0,6,0,0,0,0,0,0,0,0
20.04.2021 16:00,9.6,764.7,62,9,6.0,9,0,0,0,0,0,0,0,0
20.04.2021 17:00,9.1,764.8,62,4,5.0,9,0,0,0,0,0,0,0,0
20.04.2021 18:00,9.9,764.9,53,9,6.0,9,0,0,0,0,0,0,0,0
20.04.2021 19:00,9.0,765.1,56,5,5.0,9,0,0,0,0,0,0,0,0
20.04.2021 20:00,8.1,765.5,57,9,6.0,7,0,0,0,0,0,0,0,0
20.04.2021 21:00,7.4,766.1,56,9,4.0,7,0,0,0,0,0,0,0,0
20.04.2021 22:00,6.0,766.6,67,4,3.0,10,0,0,0,0,0,0,0,0
20.04.2021 23:00,5.8,766.9,68,4,4.0,7,0,0,0,0,0,0,0,0
21.04.2021 00:00,5.6,767.2,65,4,4.0,9,0,0,0,0,0,0,0,0
21.04.2021 01:00,4.5,767.4,66,7,4.0,7,0,0,0,0,0,0,0,0
21.04.2021 02:00,3.6,767.5,70,2,4.0,10,0,0,0,0,0,0,0,0
21.04.2021 03:00,3.6,767.4,72,7,6.0,10,0,0,0,0,0,0,0,0
21.04.2021 04:00,3.0,767.7,74,4,4.0,10,0,0,0,0,0,0,0,0
21.04.2021 05:00,2.5,768.1,78,7,5.0,10,0,0,0,0,0,0,0,0
21.04.2021 06:00,2.5,768.3,80,4,4.0,10,0,0,0,0,0,0,0,0
21.04.2021 07:00,3.2,768.7,77,4,5.0,10,0,0,0,0,0,0,0,0
21.04.2021 08:00,4.1,769.0,74,4,6.0,10,0,0,0,0,0,0,0,0
21.04.2021 09:00,5.5,769.2,68,9,5.0,10,0,0,0,0,0,0,0,0
21.04.2021 10:00,7.0,769.3,51,9,6.0,10,0,0,0,0,0,0,0,0
21.04.2021 11:00,8.3,769.6,49,5,4.0,10,0,0,0,0,0,0,0,0
21.04.2021 12:00,8.4,769.3,45,5,3.0,9,0,0,0,0,0,0,0,0
21.04.2021 13:00,9.1,769.3,42,9,4.0,10,0,0,0,0,0,0,0,0
21.04.2021 14:00,8.7,769.3,52,12,4.0,9,0,0,0,0,0,0,0,0
21.04.2021 15:00,8.5,769.3,54,0,0.0,10,0,0,0,0,0,0,0,0
21.04.2021 16:00,8.2,769.3,54,11,5.0,10,0,0,0,0,0,0,0,0
21.04.2021 17:00,8.2,769.3,55,12,5.0,10,0,0,0,0,0,0,0,0
21.04.2021 18:00,7.7,769.3,56,11,4.0,10,0,0,0,0,0,0,0,0
21.04.2021 19:00,6.7,769.4,59,1,4.0,10,0,0,0,0,0,0,0,0
21.04.2021 20:00,5.7,769.3,63,6,4.0,10,0,0,0,0,0,0,0,0
21.04.2021 21:00,4.0,769.5,72,11,2.0,10,0,0,0,0,0,0,0,0
21.04.2021 22:00,3.7,769.6,72,1,3.0,10,0,0,0,0,0,0,0,0
21.04.2021 23:00,1.9,769.6,76,6,3.0,10,0,0,0,0,0,0,0,0
22.04.2021 00:00,2.1,769.4,74,12,1.0,10,0,0,0,0,0,0,0,0
22.04.2021 01:00,1.6,769.5,71,3,1.0,10,0,0,0,0,0,0,0,0
22.04.2021 02:00,1.0,769.6,78,2,1.0,10,0,0,0,0,0,0,0,0
22.04.2021 03:00,-0.6,769.5,85,14,1.0,10,0,0,0,0,0,0,0,0
22.04.2021 04:00,-1.9,769.3,88,5,2.0,10,0,0,0,0,0,0,0,0
22.04.2021 05:00,-2.6,769.5,90,5,1.0,10,0,0,0,0,0,0,0,0
22.04.2021 06:00,-2.0,769.6,93,5,1.0,10,0,0,0,0,0,0,0,0
22.04.2021 07:00,-0.7,769.9,87,5,1.0,10,0,0,0,0,0,0,0,0
22.04.2021 08:00,1.9,769.9,86,5,2.0,10,0,0,0,0,0,0,0,0
22.04.2021 09:00,5.8,769.9,73,15,1.0,10,0,0,0,0,0,0,0,0
22.04.2021 10:00,8.8,769.9,56,5,4.0,10,0,0,0,0,0,0,0,0
22.04.2021 11:00,10.6,769.9,47,4,2.0,10,0,0,0,0,0,0,0,0
22.04.2021 12:00,11.5,769.8,47,15,3.0,10,0,0,0,0,0,0,0,0
22.04.2021 13:00,10.3,770.1,63,13,5.0,10,0,0,0,0,0,0,0,0
22.04.2021 14:00,9.6,770.3,65,12,5.0,10,0,0,0,0,0,0,0,0
22.04.2021 15:00,9.5,770.3,62,12,4.0,10,0,0,0,0,0,0,0,0
22.04.2021 16:00,10.2,770.5,61,12,4.0,10,0,0,0,0,0,0,0,0
22.04.2021 17:00,9.9,770.5,60,13,5.0,10,0,0,0,0,0,0,0,0
22.04.2021 18:00,9.6,770.5,59,12,4.0,10,0,0,0,0,0,0,0,0
22.04.2021 19:00,8.6,770.6,62,12,3.0,3,0,0,0,0,0,0,0,0
22.04.2021 20:00,7.1,770.8,72,13,3.0,3,0,0,0,0,0,0,0,0
22.04.2021 21:00,6.5,771.1,80,12,3.0,3,0,0,0,0,0,0,0,0
22.04.2021 22:00,5.7,771.2,83,11,2.0,3,0,0,0,0,0,0,0,0
22.04.2021 23:00,5.5,771.2,82,1,2.0,3,0,0,0,0,0,0,0,0
23.04.2021 00:00,4.5,771.4,88,1,3.0,7,0,0,0,0,0,0,0,0
23.04.2021 01:00,2.9,774.2,89,5,1.0,10,1,0,0,0,0,0,0,1
23.04.2021 02:00,5.3,771.2,81,3,1.0,7,0,0,0,0,0,0,0,0
23.04.2021 03:00,5.9,771.0,76,15,1.0,7,0,0,0,0,0,0,0,0
23.04.2021 04:00,6.4,771.0,67,1,2.0,7,0,0,0,0,0,0,0,0
23.04.2021 05:00,5.5,771.1,78,9,1.0,7,0,0,0,0,0,0,0,0
23.04.2021 06:00,5.3,771.1,80,5,1.0,7,0,0,0,0,0,0,0,0
23.04.2021 07:00,5.4,771.4,82,14,1.0,7,0,0,0,0,0,0,0,0
23.04.2021 08:00,6.5,771.7,78,14,2.0,7,0,0,0,0,0,0,0,0
23.04.2021 09:00,8.3,772.0,73,9,1.0,7,0,0,0,0,0,0,0,0
23.04.2021 10:00,10.3,772.0,66,5,3.0,9,0,0,0,0,0,0,0,0
23.04.2021 11:00,10.8,771.9,64,15,4.0,6,0,0,0,0,0,0,0,0
23.04.2021 12:00,11.7,772.0,66,14,3.0,6,0,0,0,0,0,0,0,0
23.04.2021 13:00,11.1,772.2,69,16,5.0,6,0,0,0,0,0,0,0,0
23.04.2021 14:00,11.0,772.3,60,13,5.0,10,0,0,0,0,0,0,0,0
23.04.2021 15:00,10.2,772.6,56,13,5.0,10,0,0,0,0,0,0,0,0
23.04.2021 16:00,10.1,772.8,65,16,5.0,10,0,0,0,0,0,0,0,0
23.04.2021 17:00,9.1,772.9,65,16,4.0,10,0,0,0,0,0,0,0,0
23.04.2021 18:00,8.4,773.1,60,13,5.0,9,0,0,0,0,0,0,0,0
23.04.2021 19:00,7.4,773.3,73,13,4.0,10,0,0,0,0,0,0,0,0
23.04.2021 20:00,6.8,773.5,78,16,3.0,10,0,0,0,0,0,0,0,0
23.04.2021 21:00,6.1,773.7,81,16,2.0,10,0,0,0,0,0,0,0,0
23.04.2021 22:00,5.8,773.8,82,16,1.0,10,0,0,0,0,0,0,0,0
23.04.2021 23:00,5.2,773.9,86,5,1.0,10,0,0,0,0,0,0,0,0
24.04.2021 00:00,4.8,774.0,86,14,1.0,10,0,0,0,0,0,0,0,0
24.04.2021 01:00,2.9,774.2,89,5,1.0,10,1,0,0,0,0,0,0,1
24.04.2021 02:00,2.4,774.3,90,14,1.0,10,0,0,0,0,0,0,0,0
24.04.2021 03:00,1.6,774.4,92,14,1.0,10,0,0,0,0,0,0,0,0
24.04.2021 04:00,0.9,774.2,94,5,1.0,10,0,0,0,0,0,0,0,0
24.04.2021 05:00,-0.1,774.1,94,5,1.0,10,1,0,0,0,0,0,0,1
24.04.2021 06:00,-0.1,774.2,95,14,1.0,10,1,0,0,0,0,0,0,1
24.04.2021 07:00,0.0,774.4,94,5,2.0,10,1,0,0,0,0,0,0,1
24.04.2021 08:00,2.7,774.6,97,16,3.0,10,0,0,0,0,0,0,0,0
24.04.2021 09:00,7.2,774.6,84,16,1.0,10,0,0,0,0,0,0,0,0
24.04.2021 10:00,7.9,774.5,67,11,2.0,10,0,0,0,0,0,0,0,0
24.04.2021 11:00,9.6,774.4,64,12,3.0,6,0,0,0,0,0,0,0,0
24.04.2021 12:00,10.3,774.5,59,11,3.0,10,0,0,0,0,0,0,0,0
24.04.2021 13:00,9.7,774.4,57,11,4.0,10,0,0,0,0,0,0,0,0
24.04.2021 14:00,9.8,774.4,56,12,3.0,10,0,0,0,0,0,0,0,0
24.04.2021 15:00,9.5,774.2,55,12,4.0,10,0,0,0,0,0,0,0,0
24.04.2021 16:00,9.6,774.0,49,12,4.0,10,0,0,0,0,0,0,0,0
24.04.2021 17:00,9.7,773.9,50,12,4.0,10,0,0,0,0,0,0,0,0
24.04.2021 18:00,9.1,774.1,50,12,4.0,10,0,0,0,0,0,0,0,0
24.04.2021 19:00,8.0,774.1,52,12,4.0,10,0,0,0,0,0,0,0,0
24.04.2021 20:00,7.0,774.3,70,13,3.0,10,0,0,0,0,0,0,0,0
24.04.2021 21:00,5.5,774.7,77,11,2.0,10,0,0,0,0,0,0,0,0
24.04.2021 22:00,5.3,774.8,83,6,1.0,10,0,0,0,0,0,0,0,0
24.04.2021 23:00,4.7,774.8,84,8,2.0,10,0,0,0,0,0,0,0,0
25.04.2021 00:00,3.1,774.8,87,5,1.0,10,0,0,0,0,0,0,0,0
25.04.2021 01:00,5.2,770.2,70,1,3.0,10,0,0,0,0,0,0,0,0
25.04.2021 02:00,1.9,775.0,92,14,1.0,10,0,0,0,0,0,0,0,0
25.04.2021 03:00,0.8,775.0,92,14,1.0,10,0,0,0,0,0,0,0,0
25.04.2021 04:00,0.3,775.0,93,5,1.0,10,0,0,0,0,0,0,0,0
25.04.2021 05:00,0.3,774.8,91,14,1.0,10,0,0,0,0,0,0,0,0
25.04.2021 06:00,-0.7,774.7,92,5,1.0,10,1,0,0,0,0,0,0,1
25.04.2021 07:00,0.8,774.9,94,17,0.0,10,0,0,0,0,0,0,0,0
25.04.2021 08:00,3.9,774.9,89,6,1.0,10,0,0,0,0,0,0,0,0
25.04.2021 09:00,7.4,774.7,78,12,2.0,10,0,0,0,0,0,0,0,0
25.04.2021 10:00,8.5,774.6,64,11,3.0,10,0,0,0,0,0,0,0,0
25.04.2021 11:00,9.8,774.5,59,6,4.0,10,0,0,0,0,0,0,0,0
25.04.2021 12:00,10.5,774.4,46,6,5.0,10,0,0,0,0,0,0,0,0
25.04.2021 13:00,11.1,774.1,46,11,5.0,10,0,0,0,0,0,0,0,0
25.04.2021 14:00,11.1,773.9,45,1,6.0,10,0,0,0,0,0,0,0,0
25.04.2021 15:00,11.2,773.8,47,6,5.0,10,0,0,0,0,0,0,0,0
25.04.2021 16:00,10.8,773.5,49,11,6.0,10,0,0,0,0,0,0,0,0
25.04.2021 17:00,10.2,773.1,51,6,6.0,10,0,0,0,0,0,0,0,0
25.04.2021 18:00,9.3,772.8,53,6,6.0,10,0,0,0,0,0,0,0,0
25.04.2021 19:00,8.5,772.4,55,6,5.0,10,0,0,0,0,0,0,0,0
25.04.2021 20:00,7.2,772.1,68,1,5.0,10,0,0,0,0,0,0,0,0
25.04.2021 21:00,6.0,771.9,77,1,4.0,10,0,0,0,0,0,0,0,0
25.04.2021 22:00,5.6,771.7,75,1,4.0,10,0,0,0,0,0,0,0,0
25.04.2021 23:00,5.3,771.0,74,1,4.0,10,0,0,0,0,0,0,0,0
26.04.2021 00:00,5.1,770.7,70,1,2.0,10,0,0,0,0,0,0,0,0
26.04.2021 01:00,6.2,758.5,91,9,5.0,5,1,0,0,0,0,0,0,1
26.04.2021 02:00,5.1,769.8,72,1,3.0,10,0,0,0,0,0,0,0,0
26.04.2021 03:00,5.4,769.1,74,1,3.0,10,0,0,0,0,0,0,0,0
26.04.2021 04:00,4.4,768.5,83,11,1.0,10,0,0,0,0,0,0,0,0
26.04.2021 05:00,3.9,767.8,81,5,1.0,7,0,0,0,0,0,0,0,0
26.04.2021 06:00,4.1,767.1,79,5,1.0,7,0,0,0,0,0,0,0,0
26.04.2021 07:00,4.1,766.8,82,5,1.0,7,0,0,0,0,0,0,0,0
26.04.2021 08:00,5.1,766.6,87,14,2.0,7,0,0,0,0,0,0,0,0
26.04.2021 09:00,6.9,765.6,79,3,1.0,7,0,0,0,0,0,0,0,0
26.04.2021 10:00,7.5,765.7,78,13,2.0,7,0,0,0,0,0,0,0,0
26.04.2021 11:00,7.7,765.1,82,1,1.0,9,0,0,0,0,0,0,0,0
26.04.2021 12:00,7.9,764.0,87,11,3.0,7,0,0,0,0,0,0,0,0
26.04.2021 13:00,7.9,763.1,82,6,4.0,9,0,0,0,0,0,0,0,0
26.04.2021 14:00,10.2,761.9,72,1,5.0,9,0,0,0,0,0,0,0,0
26.04.2021 15:00,10.2,761.0,75,1,6.0,9,0,0,0,0,0,0,0,0
26.04.2021 16:00,9.7,760.5,75,8,6.0,9,0,0,0,0,0,0,0,0
26.04.2021 17:00,9.8,759.7,81,3,3.0,9,0,0,0,0,0,0,0,0
26.04.2021 18:00,7.9,759.6,89,9,4.0,6,0,0,0,0,0,0,0,0
26.04.2021 19:00,7.5,759.2,90,9,2.0,9,0,0,0,0,1,0,0,0
26.04.2021 20:00,7.1,759.0,93,5,2.0,7,0,0,0,0,0,0,0,0
26.04.2021 21:00,6.8,758.9,92,9,3.0,8,0,0,0,0,0,0,0,0
26.04.2021 22:00,6.7,758.9,92,4,3.0,6,0,0,0,0,0,0,0,0
26.04.2021 23:00,6.5,758.8,92,9,3.0,6,0,0,0,0,0,0,0,0
27.04.2021 00:00,6.3,758.7,90,4,4.0,9,0,0,0,0,0,0,0,0
27.04.2021 01:00,6.2,758.5,91,9,5.0,5,1,0,0,0,0,0,0,1
27.04.2021 02:00,6.4,758.2,97,9,5.0,2,1,0,0,0,0,0,0,1
27.04.2021 03:00,6.5,758.2,97,15,3.0,4,1,0,0,0,0,0,0,1
27.04.2021 04:00,6.3,758.4,97,15,5.0,4,0,0,0,0,0,0,0,0
27.04.2021 05:00,6.2,758.6,95,16,5.0,4,1,0,0,0,0,0,0,1
27.04.2021 06:00,5.5,759.1,95,16,5.0,4,0,1,0,0,1,0,0,0
27.04.2021 07:00,5.7,759.7,92,16,6.0,4,0,0,0,0,0,0,0,0
27.04.2021 08:00,5.3,760.2,93,16,5.0,5,0,0,0,0,1,0,0,0
27.04.2021 09:00,5.4,760.6,92,16,6.0,5,0,0,0,0,0,0,0,0
27.04.2021 10:00,5.6,761.0,91,16,7.0,5,0,0,0,0,1,0,0,0
27.04.2021 11:00,5.7,761.5,91,16,6.0,8,0,0,0,0,0,0,0,0
27.04.2021 12:00,5.3,762.0,94,16,5.0,5,0,0,0,0,0,0,0,0
27.04.2021 13:00,5.6,762.3,94,16,5.0,5,0,0,0,0,0,0,0,0
27.04.2021 14:00,5.9,762.5,91,16,6.0,5,0,0,0,0,1,0,0,0
27.04.2021 15:00,6.0,762.7,93,16,5.0,5,0,0,0,0,0,0,0,0
27.04.2021 16:00,6.4,762.7,89,16,4.0,5,0,0,0,0,0,0,0,0
27.04.2021 17:00,6.7,762.7,83,16,4.0,8,0,0,0,0,0,0,0,0
27.04.2021 18:00,6.8,762.7,81,16,4.0,8,0,0,0,0,0,0,0,0
27.04.2021 19:00,6.5,762.8,82,16,4.0,8,0,0,0,0,0,0,0,0
27.04.2021 20:00,6.1,762.8,84,15,3.0,8,0,0,0,0,0,0,0,0
27.04.2021 21:00,5.9,763.0,87,15,2.0,8,0,0,0,0,0,0,0,0
27.04.2021 22:00,5.7,763.2,91,14,2.0,5,0,0,0,0,0,0,0,0
27.04.2021 23:00,5.4,763.2,91,5,3.0,5,0,0,0,0,0,0,0,0
28.04.2021 00:00,5.2,763.3,93,5,3.0,5,0,0,0,0,0,0,0,0
28.04.2021 01:00,4.7,763.2,94,5,2.0,8,0,0,0,0,0,0,0,0
28.04.2021 02:00,4.9,763.0,93,9,2.0,5,0,0,0,0,1,0,0,0
28.04.2021 03:00,4.6,762.7,91,5,3.0,6,0,0,0,0,0,0,0,0
28.04.2021 04:00,3.0,762.7,89,5,2.0,6,0,0,0,0,0,0,0,0
28.04.2021 05:00,2.9,762.6,87,5,3.0,6,0,0,0,0,0,0,0,0
28.04.2021 06:00,3.6,762.6,81,9,4.0,9,0,0,0,0,0,0,0,0
28.04.2021 07:00,3.6,762.5,80,9,4.0,9,0,0,0,0,0,0,0,0
28.04.2021 08:00,5.5,762.3,73,5,4.0,10,0,0,0,0,0,0,0,0
28.04.2021 09:00,6.5,762.1,73,5,5.0,6,0,0,0,0,0,0,0,0
28.04.2021 10:00,6.5,761.8,65,5,6.0,6,0,0,0,0,0,0,0,0
28.04.2021 11:00,7.1,761.7,57,14,6.0,9,0,0,0,0,0,0,0,0
28.04.2021 12:00,6.8,761.7,63,5,7.0,9,0,0,0,0,0,0,0,0
28.04.2021 13:00,7.7,761.4,58,5,6.0,7,0,0,0,0,0,0,0,0
28.04.2021 14:00,6.7,761.5,67,5,6.0,9,0,0,0,0,0,0,0,0
28.04.2021 15:00,6.2,761.3,71,5,6.0,9,0,0,0,0,0,0,0,0
28.04.2021 16:00,7.1,760.9,67,5,4.0,6,0,0,0,0,0,0,0,0
28.04.2021 17:00,7.1,760.9,66,5,5.0,6,0,0,0,0,0,0,0,0
28.04.2021 18:00,8.0,760.5,65,15,5.0,6,0,0,0,0,0,0,0,0
28.04.2021 19:00,7.1,760.4,69,14,4.0,9,0,0,0,0,0,0,0,0
28.04.2021 20:00,5.3,760.6,75,14,3.0,6,0,0,0,0,0,0,0,0
28.04.2021 21:00,4.5,760.9,81,5,3.0,9,0,0,0,0,0,0,0,0
28.04.2021 22:00,4.4,760.9,80,9,2.0,10,0,0,0,0,0,0,0,0
28.04.2021 23:00,3.5,761.0,82,5,2.0,7,0,0,0,0,0,0,0,0
29.04.2021 00:00,3.4,761.0,84,4,2.0,7,0,0,0,0,0,0,0,0
29.04.2021 01:00,2.7,761.0,86,4,5.0,3,0,0,0,0,0,0,0,0
29.04.2021 02:00,2.4,760.9,86,0,0.0,6,0,0,0,0,0,0,0,0
29.04.2021 03:00,2.6,760.9,85,0,0.0,6,0,0,0,0,0,0,0,0
29.04.2021 04:00,2.2,760.9,89,0,0.0,6,0,0,0,0,0,0,0,0
29.04.2021 05:00,2.0,760.8,90,0,0.0,6,0,0,0,0,0,0,0,0
29.04.2021 06:00,1.8,760.9,89,0,0.0,7,0,0,0,0,0,0,0,0
29.04.2021 07:00,2.8,760.9,87,0,0.0,6,0,0,0,0,0,0,0,0
29.04.2021 08:00,4.3,761.1,81,0,0.0,6,0,0,0,0,0,0,0,0
29.04.2021 09:00,4.9,761.2,78,0,0.0,8,0,0,0,0,1,0,0,0
29.04.2021 10:00,6.9,761.0,69,0,0.0,6,0,0,0,0,0,0,0,0
29.04.2021 11:00,7.1,761.1,64,0,0.0,6,0,0,0,0,0,0,0,0
29.04.2021 12:00,5.4,761.4,78,0,0.0,6,0,0,0,0,0,0,0,0
29.04.2021 13:00,7.2,761.2,59,0,0.0,6,0,0,0,0,0,0,0,0
29.04.2021 14:00,6.9,761.2,64,0,0.0,6,0,0,0,0,0,0,0,0
29.04.2021 15:00,7.8,761.2,59,0,0.0,9,0,0,0,0,0,0,0,0
29.04.2021 16:00,6.4,761.2,74,0,0.0,6,0,0,0,0,0,0,0,0
29.04.2021 17:00,7.7,761.1,64,0,0.0,6,0,0,0,0,0,0,0,0
29.04.2021 18:00,6.9,761.4,64,0,0.0,6,0,0,0,0,0,0,0,0
29.04.2021 19:00,5.8,761.7,72,0,0.0,6,0,0,0,0,0,0,0,0
29.04.2021 20:00,5.9,762.1,67,0,0.0,6,0,0,0,0,0,0,0,0
29.04.2021 21:00,4.7,762.6,77,0,0.0,6,0,0,0,0,0,0,0,0
29.04.2021 22:00,4.0,763.0,84,0,0.0,8,0,0,0,0,0,0,0,0
29.04.2021 23:00,4.0,763.2,88,0,0.0,6,0,0,0,0,0,0,0,0
